Id,Code,Department,Role,Name,Gender,Start Date,Last Login Time,Salary,Bonus %,Senior Management,Team
1,10190,HR,Senior Software Developer,Douglas,Male,8/6/1993,12:42 PM,97308,6.945,True,Marketing
2,10191,HR,Project Manager,Thomas,Male,3/31/1996,6:53 AM,61933,4.17,True,
3,10192,IT,Senior Software Developer,Maria,Female,4/23/1993,11:17 AM,130590,11.858,False,Finance
4,10193,IT,Senior Software Developer,Jerry,Male,3/4/2005,1:00 PM,138705,9.34,True,Finance
5,10194,DEVELOPMENT,IT Admin,Larry,Male,1/24/1998,4:47 PM,101004,1.389,True,Client Services
6,10195,DEVELOPMENT,Junior Software Developer,Dennis,Male,4/18/1987,1:35 AM,115163,10.125,False,Legal
7,10196,DEVELOPMENT,IT Admin,Ruby,Female,8/17/1987,4:20 PM,65476,10.012,True,Product
8,10197,IT,Project Lead,,Female,7/20/2015,10:43 AM,45906,11.598,,Finance
9,10198,IT,IT Admin,Angela,Female,11/22/2005,6:29 AM,95570,18.523,True,Engineering
10,10199,DEVELOPMENT,Project Lead,Frances,Female,8/8/2002,6:51 AM,139852,7.524,True,Business Development
11,10200,DEVELOPMENT,Senior Software Developer,Louise,Female,8/12/1980,9:01 AM,63241,15.132,True,
12,10201,HR,IT Admin,Julie,Female,10/26/1997,3:19 PM,102508,12.637,True,Legal
13,10202,DEVELOPMENT,Project Manager,Brandon,Male,12/1/1980,1:08 AM,112807,17.492,True,Human Resources
14,10203,HR,Junior Software Developer,Gary,Male,1/27/2008,11:40 PM,109831,5.831,False,Sales
15,10204,HR,IT Admin,Kimberly,Female,1/14/1999,7:13 AM,41426,14.543,True,Finance
16,10205,HR,Lead Analyst,Lillian,Female,6/5/2016,6:09 AM,59414,1.256,False,Product
17,10206,IT,Lead Analyst,Jeremy,Male,9/21/2010,5:56 AM,90370,7.369,False,Human Resources
18,10207,HR,Project Manager,Shawn,Male,12/7/1986,7:45 PM,111737,6.414,False,Product
19,10208,IT,Project Lead,Diana,Female,10/23/1981,10:27 AM,132940,19.082,False,Client Services
20,10209,DEVELOPMENT,Senior Software Developer,Donna,Female,7/22/2010,3:48 AM,81014,1.894,False,Product
21,10210,DEVELOPMENT,Project Manager,Lois,,4/22/1995,7:18 PM,64714,4.934,True,Legal
22,10211,DEVELOPMENT,Senior Software Developer,Matthew,Male,9/5/1995,2:12 AM,100612,13.645,False,Marketing
23,10212,IT,Junior Software Developer,Joshua,,3/8/2012,1:58 AM,90816,18.816,True,Client Services
24,10213,DEVELOPMENT,Project Manager,,Male,6/14/2012,4:19 PM,125792,5.042,,
25,10214,IT,Project Lead,John,Male,7/1/1992,10:08 PM,97950,13.873,False,Client Services
26,10215,DEVELOPMENT,Lead Analyst,,Male,10/8/2012,1:12 AM,37076,18.576,,Client Services
27,10216,IT,Project Lead,Craig,Male,2/27/2000,7:45 AM,37598,7.757,True,Marketing
28,10217,IT,Project Manager,Scott,,7/11/1991,6:58 PM,122367,5.218,False,Legal
29,10218,HR,Junior Software Developer,Terry,Male,11/27/1981,6:30 PM,124008,13.464,True,Client Services
30,10219,DEVELOPMENT,IT Admin,Benjamin,Male,1/26/2005,10:06 PM,79529,7.008,True,Legal
31,10220,DEVELOPMENT,Project Manager,Christina,Female,8/6/2002,1:19 PM,118780,9.096,True,Engineering
32,10221,HR,IT Admin,Joyce,,2/20/2005,2:40 PM,88657,12.752,False,Product
33,10222,DEVELOPMENT,Project Manager,,Male,8/21/1998,2:27 PM,122340,6.417,,
34,10223,DEVELOPMENT,Junior Software Developer,Jean,Female,12/18/1993,9:07 AM,119082,16.18,False,Business Development
35,10224,DEVELOPMENT,Junior Software Developer,Jerry,Male,1/10/2004,12:56 PM,95734,19.096,False,Client Services
36,10225,DEVELOPMENT,Senior Software Developer,Theresa,Female,10/10/2006,1:12 AM,85182,16.675,False,Sales
37,10226,DEVELOPMENT,Senior Software Developer,Rachel,Female,2/16/2009,8:47 PM,142032,12.599,False,Business Development
38,10227,DEVELOPMENT,Project Manager,Linda,Female,10/19/1981,8:49 PM,57427,9.557,True,Client Services
39,10228,HR,Project Lead,Stephanie,Female,9/13/1986,1:52 AM,36844,5.574,True,Business Development
40,10229,IT,IT Admin,,Male,1/29/2016,2:33 AM,122173,7.797,,Client Services
41,10230,DEVELOPMENT,Lead Analyst,Michael,Male,10/10/2008,11:25 AM,99283,2.665,True,Distribution
42,10231,IT,IT Admin,Christine,,6/28/2015,1:08 AM,66582,11.308,True,Business Development
43,10232,HR,Junior Software Developer,Beverly,Female,9/9/1998,8:26 PM,121918,15.835,False,Legal
44,10233,HR,Junior Software Developer,Marilyn,Female,12/7/1980,3:16 AM,73524,5.207,True,Marketing
45,10234,DEVELOPMENT,IT Admin,Cynthia,Female,11/16/1988,6:54 PM,145146,7.482,True,Product
46,10235,HR,Project Manager,Roger,Male,4/17/1980,11:32 AM,88010,13.886,True,Sales
47,10236,DEVELOPMENT,Junior Software Developer,Bruce,Male,11/28/2009,10:47 PM,114796,6.796,False,Finance
48,10237,DEVELOPMENT,Lead Analyst,Kathy,Female,6/22/2005,4:51 AM,66820,9.0,True,Client Services
49,10238,DEVELOPMENT,IT Admin,Clarence,Male,3/26/1996,5:57 AM,93581,6.083,True,Business Development
50,10239,IT,Senior Software Developer,Chris,,1/24/1980,12:13 PM,113590,3.055,False,Sales
51,10240,HR,Senior Software Developer,Nancy,Female,9/23/2000,8:05 AM,94976,13.83,True,Engineering
52,10241,HR,Project Lead,,,12/17/2011,8:29 AM,41126,14.009,,Sales
53,10242,IT,Junior Software Developer,Todd,Male,2/18/1990,2:41 AM,49339,1.695,True,Human Resources
54,10243,DEVELOPMENT,IT Admin,Alan,,3/3/2014,1:28 PM,40341,17.578,True,Finance
55,10244,DEVELOPMENT,IT Admin,Sara,Female,8/15/2007,9:23 AM,83677,8.999,False,Engineering
56,10245,IT,Lead Analyst,Karen,Female,11/30/1999,7:46 AM,102488,17.653,True,Product
57,10246,IT,Project Lead,Carl,Male,5/3/2006,5:55 PM,130276,16.084,True,Finance
58,10247,HR,Project Manager,Henry,Male,6/26/1996,1:44 AM,64715,15.107,True,Human Resources
59,10248,IT,Lead Analyst,Theresa,Female,4/11/2010,7:18 AM,72670,1.481,True,Engineering
60,10249,DEVELOPMENT,Project Lead,Irene,Female,5/7/1997,9:32 AM,66851,11.279,False,Engineering
61,10250,IT,Junior Software Developer,Paula,,11/23/2005,2:01 PM,48866,4.271,False,Distribution
62,10251,IT,Lead Analyst,Denise,Female,11/6/2001,12:03 PM,106862,3.699,False,Business Development
63,10252,IT,Senior Software Developer,,Female,6/12/2007,5:25 PM,58112,19.414,,Marketing
64,10253,HR,Junior Software Developer,Matthew,Male,1/2/2013,10:33 PM,35203,18.04,False,Human Resources
65,10254,IT,IT Admin,Kathleen,,4/11/1990,6:46 PM,77834,18.771,False,Business Development
66,10255,HR,Project Lead,Steve,Male,11/11/2009,11:44 PM,61310,12.428,True,Distribution
67,10256,DEVELOPMENT,Junior Software Developer,Nancy,Female,12/15/2012,11:57 PM,125250,2.672,True,Business Development
68,10257,IT,Junior Software Developer,Rachel,Female,8/16/1999,6:53 AM,51178,9.735,True,Finance
69,10258,HR,Junior Software Developer,Jose,Male,10/30/2004,1:39 PM,84834,14.33,True,Finance
70,10259,IT,IT Admin,Irene,,7/14/2015,4:31 PM,100863,4.382,True,Finance
71,10260,DEVELOPMENT,Senior Software Developer,Todd,,6/10/2003,2:26 PM,84692,6.617,False,Client Services
72,10261,IT,Project Lead,Johnny,Male,11/6/2009,4:23 PM,118172,16.194,True,Sales
73,10262,HR,Project Manager,Bobby,Male,5/7/2007,10:01 AM,54043,3.833,False,Product
74,10263,DEVELOPMENT,Project Lead,Frances,Female,4/4/1999,4:19 PM,90582,4.709,True,Sales
75,10264,HR,Lead Analyst,Thomas,Male,6/4/1995,2:24 PM,62096,17.029,False,Marketing
76,10265,IT,Project Lead,Bonnie,Female,7/2/1991,1:27 AM,104897,5.118,True,Human Resources
77,10266,DEVELOPMENT,Senior Software Developer,Margaret,Female,9/10/1988,12:42 PM,131604,7.353,True,Distribution
78,10267,IT,Project Manager,Charles,Male,9/14/2004,8:13 PM,107391,1.26,True,Marketing
79,10268,HR,Lead Analyst,Robin,Female,6/4/1983,3:15 PM,114797,5.965,True,Sales
80,10269,DEVELOPMENT,Junior Software Developer,Bonnie,Female,11/13/1988,3:30 PM,115814,4.99,False,Product
81,10270,IT,Project Manager,Gerald,,3/17/1995,12:50 AM,137126,15.602,True,Sales
82,10271,IT,Project Manager,Christopher,Male,3/30/2008,10:52 AM,47369,14.822,False,Legal
83,10272,HR,Lead Analyst,Steven,Male,3/30/1980,9:20 PM,35095,8.379,True,Client Services
84,10273,DEVELOPMENT,Lead Analyst,Shawn,Male,9/23/2005,2:55 AM,148115,6.539,True,Finance
85,10274,HR,Project Lead,Doris,Female,8/20/2004,5:51 AM,83072,7.511,False,Finance
86,10275,DEVELOPMENT,Lead Analyst,Jeremy,Male,2/1/2008,8:50 AM,100238,3.887,True,Client Services
87,10276,IT,IT Admin,Annie,,9/29/2007,12:11 AM,103495,17.29,True,Business Development
88,10277,HR,Lead Analyst,Annie,Female,1/30/1993,2:05 AM,144887,8.276,True,Sales
89,10278,DEVELOPMENT,Junior Software Developer,Donna,Female,11/27/1991,1:59 PM,64088,6.155,True,Legal
90,10279,IT,Junior Software Developer,Janice,Female,3/12/2016,12:40 AM,51082,11.955,False,Legal
91,10280,HR,Project Manager,Janice,,8/21/1997,5:12 AM,91719,11.583,True,Legal
92,10281,HR,Project Lead,James,,1/26/2005,11:00 PM,128771,8.309,False,
93,10282,IT,Senior Software Developer,Linda,Female,5/25/2000,5:45 PM,119009,12.506,True,Business Development
94,10283,IT,IT Admin,Virginia,,5/7/1994,5:58 PM,111858,1.601,True,Legal
95,10284,DEVELOPMENT,Senior Software Developer,Harry,Male,8/26/1981,3:16 PM,130620,7.03,False,Legal
96,10285,DEVELOPMENT,Lead Analyst,Heather,Female,7/11/1998,2:17 PM,43026,14.166,False,Client Services
97,10286,HR,Junior Software Developer,Cynthia,Female,3/21/1994,8:34 AM,142321,1.737,False,Finance
98,10287,HR,Project Manager,Laura,,7/19/2014,9:23 PM,140371,10.62,True,Marketing
99,10288,DEVELOPMENT,Lead Analyst,Tina,Female,6/16/2016,7:47 PM,100705,16.961,True,Marketing
100,10289,DEVELOPMENT,Lead Analyst,Harold,Male,1/2/1985,9:40 PM,77544,12.447,False,Business Development
101,10290,HR,Junior Software Developer,Melissa,Female,6/21/2005,6:33 AM,48109,14.995,False,Finance
102,10291,DEVELOPMENT,Junior Software Developer,Aaron,Male,2/17/2012,10:20 AM,61602,11.849,True,Marketing
103,10292,DEVELOPMENT,Junior Software Developer,Jack,Male,1/12/1997,5:51 AM,103902,12.159,False,Client Services
104,10293,DEVELOPMENT,Project Manager,Phyllis,Female,10/11/1996,9:30 PM,136984,8.932,True,Finance
105,10294,IT,Junior Software Developer,John,Male,12/23/1989,7:01 AM,80740,19.305,False,Marketing
106,10295,HR,Lead Analyst,Kathy,Female,3/9/1996,4:33 AM,91712,8.567,False,Finance
107,10296,DEVELOPMENT,IT Admin,Paul,Male,8/4/1993,7:25 PM,42146,3.046,False,Legal
108,10297,IT,Project Manager,Steven,Male,4/23/2013,10:12 PM,68680,16.565,False,Legal
109,10298,IT,Project Manager,Russell,,5/5/1988,7:57 AM,133980,12.396,True,Legal
110,10299,IT,Project Lead,Christopher,Male,4/22/2000,10:15 AM,37919,11.449,False,
111,10300,IT,IT Admin,Shirley,Female,6/20/2001,10:39 PM,147113,16.135,False,Legal
112,10301,DEVELOPMENT,Junior Software Developer,Bonnie,Female,12/17/1999,3:12 PM,42153,8.454,True,Business Development
113,10302,IT,Junior Software Developer,Willie,Male,11/27/2003,6:21 AM,64363,4.023,False,Marketing
114,10303,HR,Project Manager,Tina,Female,6/12/2009,7:16 AM,114767,3.711,True,Engineering
115,10304,DEVELOPMENT,Project Lead,Ashley,Female,8/4/2002,11:00 AM,58698,6.811,True,Business Development
116,10305,IT,IT Admin,Pamela,Female,7/1/1982,6:51 AM,54585,4.166,False,Product
117,10306,DEVELOPMENT,Senior Software Developer,,Male,6/22/1991,8:58 PM,76189,18.988,,Legal
118,10307,HR,IT Admin,Steven,Male,3/1/1995,3:03 PM,109095,9.494,False,Finance
119,10308,HR,Junior Software Developer,Andrea,Female,1/12/2012,5:43 AM,120204,9.557,False,Business Development
120,10309,IT,Project Lead,Paul,Male,6/3/2008,3:05 PM,41054,12.299,False,Marketing
121,10310,HR,IT Admin,Peter,Male,11/17/1994,6:15 PM,84885,15.402,False,Business Development
122,10311,DEVELOPMENT,Junior Software Developer,Kathleen,,5/9/2016,8:55 AM,119735,18.74,False,Product
123,10312,IT,Project Lead,Christina,Female,4/13/2012,2:04 PM,110169,13.892,True,Engineering
124,10313,DEVELOPMENT,Project Manager,Helen,Female,11/29/2001,2:30 AM,73789,14.841,True,Product
125,10314,DEVELOPMENT,Lead Analyst,Marilyn,Female,11/16/1983,8:29 AM,76078,2.401,True,Product
126,10315,HR,Junior Software Developer,Patricia,Female,9/1/2003,6:46 AM,49368,14.226,False,Human Resources
127,10316,IT,Junior Software Developer,Michelle,Female,3/30/1984,6:43 PM,57325,17.179,True,Human Resources
128,10317,DEVELOPMENT,Project Manager,William,Male,9/29/2002,4:09 PM,66521,5.83,False,Human Resources
129,10318,IT,Project Lead,Kenneth,Male,8/25/1987,9:16 PM,127654,16.439,True,Client Services
130,10319,DEVELOPMENT,Project Manager,Antonio,Male,10/25/1988,1:50 PM,60866,13.101,True,Business Development
131,10320,IT,Senior Software Developer,Shirley,Female,5/1/1984,1:15 PM,41334,6.219,True,Human Resources
132,10321,HR,Lead Analyst,Rebecca,Female,7/10/1992,12:23 AM,94231,17.517,False,Product
133,10322,HR,Project Manager,Carlos,Male,1/4/1995,7:02 AM,146670,10.763,False,Human Resources
134,10323,HR,Project Manager,Lois,Female,12/25/1987,4:16 PM,106317,2.235,True,Client Services
135,10324,HR,Project Lead,Carolyn,Female,4/9/2011,5:38 AM,109260,2.65,True,Business Development
136,10325,IT,IT Admin,Gloria,Female,6/29/2007,5:34 AM,134148,8.833,True,Legal
137,10326,HR,Lead Analyst,Henry,Male,4/24/1995,4:18 AM,43542,19.687,False,Legal
138,10327,IT,Senior Software Developer,Adam,Male,5/21/2011,1:45 AM,95327,15.12,False,Distribution
139,10328,DEVELOPMENT,IT Admin,Ashley,Female,5/25/2006,11:30 AM,112238,6.03,True,Engineering
140,10329,DEVELOPMENT,Lead Analyst,,Female,10/3/1990,1:08 AM,132373,10.527,,
141,10330,DEVELOPMENT,Senior Software Developer,Shirley,Female,2/28/1981,1:23 PM,113850,1.854,False,Marketing
142,10331,DEVELOPMENT,Project Manager,Adam,Male,12/24/1990,8:57 PM,110194,14.727,True,Product
143,10332,DEVELOPMENT,Project Manager,Elizabeth,Female,10/9/2003,5:53 PM,146129,5.687,False,Finance
144,10333,IT,Project Manager,Teresa,,1/28/2016,10:55 AM,140013,8.689,True,Engineering
145,10334,DEVELOPMENT,Senior Software Developer,Nicole,,3/5/1982,2:28 PM,122717,12.452,False,Sales
146,10335,IT,Project Manager,Jennifer,Female,4/4/2009,10:47 PM,71715,13.079,True,Client Services
147,10336,DEVELOPMENT,Project Manager,Patricia,Female,11/25/1992,2:24 AM,95322,4.15,False,Product
148,10337,DEVELOPMENT,Junior Software Developer,Philip,Male,7/17/2008,1:30 PM,89227,3.996,False,Legal
149,10338,IT,Junior Software Developer,Patrick,,7/14/1991,2:24 AM,124488,14.837,True,Sales
150,10339,IT,Project Lead,,Female,8/17/2014,2:00 PM,86230,8.578,,Distribution
151,10340,DEVELOPMENT,Junior Software Developer,Sean,Male,5/4/1996,8:59 PM,135490,19.934,False,Marketing
152,10341,IT,Project Lead,Brandon,,11/3/1997,8:17 PM,121333,15.295,False,Business Development
153,10342,HR,Lead Analyst,Ruth,Female,8/19/1999,4:03 AM,129297,8.067,True,Client Services
154,10343,IT,Senior Software Developer,Victor,,3/10/2011,8:40 PM,84546,10.489,True,Finance
155,10344,DEVELOPMENT,IT Admin,Rebecca,Female,11/15/1980,4:13 AM,85730,5.359,True,Product
156,10345,HR,Junior Software Developer,Marie,Female,3/16/2003,12:12 AM,104058,17.695,True,Business Development
157,10346,IT,Project Lead,Howard,Male,4/27/1992,1:10 AM,105062,1.563,False,Human Resources
158,10347,DEVELOPMENT,Lead Analyst,,Female,7/27/2005,8:32 AM,79536,14.443,,Product
159,10348,DEVELOPMENT,Project Lead,Norma,Female,2/28/1999,8:45 PM,114412,8.756,True,Marketing
160,10349,IT,IT Admin,James,,11/22/1983,10:52 PM,68501,14.316,False,Marketing
161,10350,HR,Project Lead,Kathy,Female,3/18/2000,7:26 PM,149563,16.991,True,Finance
162,10351,DEVELOPMENT,Project Lead,Marilyn,,8/22/1999,9:09 AM,103386,11.451,False,Distribution
163,10352,HR,Project Manager,Arthur,Male,4/13/1998,11:28 AM,89786,14.422,True,Legal
164,10353,HR,Project Lead,Terry,Male,9/3/1990,9:15 PM,52226,19.135,False,Client Services
165,10354,HR,Lead Analyst,Mary,Female,8/13/1999,1:03 AM,134645,18.197,False,Business Development
166,10355,IT,Project Manager,,Female,3/23/2014,1:28 PM,59148,9.061,,Legal
167,10356,DEVELOPMENT,IT Admin,,Female,7/9/1991,6:52 PM,42341,7.014,,Sales
168,10357,IT,Project Lead,Christopher,Male,12/24/2011,12:22 PM,142178,17.984,True,Sales
169,10358,IT,Project Manager,Peter,,9/3/1987,5:59 PM,38989,7.017,True,Marketing
170,10359,IT,Lead Analyst,Michelle,Female,11/4/1996,9:34 PM,53754,5.455,True,Product
171,10360,DEVELOPMENT,IT Admin,Irene,Female,1/29/1992,11:36 AM,133772,19.02,True,Sales
172,10361,DEVELOPMENT,Lead Analyst,Patrick,Male,8/17/2007,3:16 AM,143499,17.495,True,Engineering
173,10362,DEVELOPMENT,IT Admin,Sara,Female,9/23/1991,6:17 PM,97058,9.402,False,Finance
174,10363,DEVELOPMENT,IT Admin,Lillian,Female,12/21/2008,6:51 PM,85446,3.959,True,Engineering
175,10364,HR,Lead Analyst,,,9/18/2007,6:59 PM,40297,6.185,,Client Services
176,10365,DEVELOPMENT,Lead Analyst,Willie,Male,2/17/1998,8:20 PM,146651,1.451,True,Engineering
177,10366,DEVELOPMENT,Lead Analyst,Victor,Male,1/8/2003,1:02 PM,124486,10.166,False,Product
178,10367,HR,Lead Analyst,Wayne,Male,4/7/2012,8:00 AM,102652,14.085,True,Distribution
179,10368,HR,Project Manager,Jane,Female,9/3/1997,2:01 AM,144474,17.648,False,Product
180,10369,IT,Junior Software Developer,Jessica,Female,10/23/1995,5:53 AM,68759,19.343,True,Finance
181,10370,HR,IT Admin,Mark,Male,4/12/2008,5:40 PM,57286,5.025,True,Business Development
182,10371,IT,Project Manager,Randy,Male,11/14/1999,12:12 PM,58129,1.952,True,Distribution
183,10372,IT,Project Lead,Lillian,Female,6/19/1999,4:44 PM,123940,12.184,True,Business Development
184,10373,IT,Project Lead,Ruth,,5/18/1999,5:56 AM,98233,2.518,True,Distribution
185,10374,DEVELOPMENT,Junior Software Developer,Jerry,Male,12/18/2003,6:46 AM,140810,9.177,True,Client Services
186,10375,HR,Senior Software Developer,Sandra,Female,1/19/1983,7:25 AM,42090,8.842,True,Legal
187,10376,IT,Junior Software Developer,,Female,2/23/2005,9:50 PM,149654,1.825,,Sales
188,10377,DEVELOPMENT,Lead Analyst,Roger,Male,11/19/2004,3:55 PM,51430,6.46,False,Marketing
189,10378,DEVELOPMENT,Project Lead,Charles,Male,10/14/2000,9:40 PM,71749,15.931,False,Legal
190,10379,HR,Senior Software Developer,Clarence,Male,5/2/1998,3:16 AM,85700,1.215,False,Sales
191,10380,DEVELOPMENT,Senior Software Developer,Carol,Female,3/19/1996,3:39 AM,57783,9.129,False,Finance
192,10381,HR,IT Admin,Lois,Female,10/18/2013,4:51 PM,36946,6.652,False,Engineering
193,10382,IT,Lead Analyst,Barbara,,5/3/2003,7:32 PM,99326,16.475,True,Legal
194,10383,HR,Lead Analyst,Rebecca,Female,2/18/1995,6:50 AM,109259,4.443,True,Legal
195,10384,HR,Junior Software Developer,Irene,Female,1/30/2004,8:25 PM,131038,8.996,False,Distribution
196,10385,IT,IT Admin,Ronald,Male,4/30/2014,2:19 PM,121068,12.757,True,Product
197,10386,IT,Junior Software Developer,Steven,Male,11/10/1985,10:53 AM,62719,19.127,False,Client Services
198,10387,DEVELOPMENT,Senior Software Developer,Carolyn,Female,11/6/2012,3:51 AM,69268,3.031,False,Client Services
199,10388,IT,Project Manager,Maria,Female,12/27/1990,9:57 PM,36067,9.64,True,Product
200,10389,IT,Senior Software Developer,Jonathan,Male,7/17/2009,8:15 AM,130581,16.736,True,
201,10390,IT,Project Manager,Gary,Male,8/12/1987,12:04 AM,89661,8.525,False,Finance
202,10391,IT,Junior Software Developer,Kimberly,Female,7/15/1997,5:57 AM,36643,7.953,False,Marketing
203,10392,HR,Project Manager,Roger,Male,11/8/1982,2:32 AM,140558,5.084,True,Sales
204,10393,HR,Junior Software Developer,Diana,Female,1/4/2013,7:53 AM,103521,2.784,True,Business Development
205,10394,IT,Project Manager,Willie,Male,6/6/2006,9:45 AM,55281,4.935,True,Marketing
206,10395,IT,Lead Analyst,Brandon,Male,3/27/2006,5:54 PM,115711,8.012,True,Finance
207,10396,DEVELOPMENT,Lead Analyst,Patricia,Female,12/6/2012,4:01 AM,114079,8.399,True,Client Services
208,10397,DEVELOPMENT,IT Admin,Katherine,Female,11/14/1999,8:15 AM,57531,1.767,False,Client Services
209,10398,IT,Project Manager,Jonathan,Male,10/12/1987,2:59 AM,141069,4.903,False,Human Resources
210,10399,HR,Junior Software Developer,Emily,Female,9/20/2007,11:25 AM,89434,11.295,False,Engineering
211,10400,HR,Project Manager,Ruth,Female,8/12/1986,7:29 PM,44639,9.148,True,Legal
212,10401,IT,Junior Software Developer,Linda,Female,6/24/2006,12:04 PM,110967,19.612,True,Human Resources
213,10402,HR,Project Lead,Lisa,Female,11/2/2009,9:42 AM,115387,1.821,False,Client Services
214,10403,IT,IT Admin,Evelyn,Female,5/24/1980,11:10 PM,81673,15.364,True,Engineering
215,10404,HR,Junior Software Developer,Julie,Female,7/23/1989,1:52 PM,109588,3.55,False,Engineering
216,10405,HR,Junior Software Developer,Mary,Female,5/30/2009,11:41 PM,92544,3.8,False,Client Services
217,10406,IT,Lead Analyst,Matthew,Male,7/31/2013,8:04 AM,142373,2.462,False,Marketing
218,10407,DEVELOPMENT,Lead Analyst,Douglas,Male,9/3/1999,4:00 PM,83341,1.015,True,Client Services
219,10408,IT,Senior Software Developer,Gregory,,6/15/1992,5:08 AM,98865,10.628,True,Finance
220,10409,DEVELOPMENT,Project Lead,Billy,Male,3/13/1995,12:05 PM,120444,7.768,True,Finance
221,10410,HR,Lead Analyst,,Female,6/17/1991,12:49 PM,71945,5.56,,Marketing
222,10411,DEVELOPMENT,Senior Software Developer,Gregory,Male,1/29/2000,6:01 AM,109564,3.845,False,Legal
223,10412,DEVELOPMENT,Senior Software Developer,Jason,Male,10/17/1999,10:09 PM,78417,3.067,False,Finance
224,10413,IT,Project Lead,Daniel,Male,4/30/2010,3:48 AM,106947,15.866,True,Legal
225,10414,IT,Junior Software Developer,Sarah,Female,9/14/1995,7:50 AM,87298,2.311,False,Distribution
226,10415,IT,Project Lead,Harry,Male,10/1/2015,7:47 PM,64579,15.266,True,Sales
227,10416,DEVELOPMENT,Senior Software Developer,Kathy,Female,4/19/1995,12:46 AM,50905,9.404,True,Finance
228,10417,HR,Project Lead,Todd,Male,4/13/1999,10:31 AM,59728,11.226,True,Client Services
229,10418,DEVELOPMENT,Project Manager,Bobby,Male,9/23/1994,1:29 AM,51685,17.445,True,Engineering
230,10419,DEVELOPMENT,Lead Analyst,Jeremy,Male,6/8/2000,12:15 AM,49542,1.679,True,Distribution
231,10420,DEVELOPMENT,Lead Analyst,George,,2/24/1988,11:29 AM,38375,8.999,False,Legal
232,10421,IT,IT Admin,Diane,Female,4/18/1993,3:22 AM,64084,17.018,False,Product
233,10422,DEVELOPMENT,Project Manager,Marilyn,Female,4/4/1997,9:28 PM,147663,10.263,False,Human Resources
234,10423,IT,Junior Software Developer,Kathryn,Female,2/4/2004,1:47 PM,73935,14.752,False,Sales
235,10424,HR,Lead Analyst,Irene,Female,2/4/1982,5:26 PM,40837,12.182,True,Client Services
236,10425,IT,Senior Software Developer,Norma,Female,2/11/2015,11:44 PM,94393,3.643,True,Engineering
237,10426,DEVELOPMENT,Project Manager,Laura,Female,4/2/2006,1:57 PM,42087,2.624,False,Product
238,10427,IT,Project Manager,Cheryl,Female,9/23/2008,2:57 AM,52080,9.375,False,Legal
239,10428,DEVELOPMENT,Senior Software Developer,Kevin,Male,3/25/1982,7:31 AM,35061,5.128,False,Legal
240,10429,HR,Project Manager,Lillian,,5/12/2016,3:43 PM,64164,17.612,False,Human Resources
241,10430,DEVELOPMENT,IT Admin,Phyllis,,4/21/1984,7:05 PM,94088,19.107,False,Distribution
242,10431,IT,Project Lead,Walter,Male,7/6/1983,11:54 PM,127813,5.961,False,Finance
243,10432,HR,Project Lead,Robert,Male,10/27/1990,7:15 PM,38041,18.428,True,Engineering
244,10433,IT,Project Manager,Jimmy,Male,10/7/1986,5:53 PM,126310,5.413,True,Product
245,10434,DEVELOPMENT,Junior Software Developer,Clarence,Male,10/8/1996,12:53 PM,142561,8.866,False,Client Services
246,10435,DEVELOPMENT,Project Lead,Victor,Male,4/11/1991,7:44 AM,70817,17.138,False,Engineering
247,10436,DEVELOPMENT,Project Lead,Fred,,12/2/1984,2:03 PM,59937,12.045,True,Human Resources
248,10437,DEVELOPMENT,Senior Software Developer,Brenda,,7/27/2010,11:07 PM,106115,3.742,True,Product
249,10438,HR,IT Admin,Justin,Male,12/6/1992,5:58 PM,82782,4.366,True,Distribution
250,10439,DEVELOPMENT,Project Lead,Betty,Female,6/12/2002,3:59 AM,104896,19.55,True,Business Development
251,10440,IT,Junior Software Developer,Randy,,2/6/1986,3:04 PM,133943,8.94,True,Sales
252,10441,HR,Senior Software Developer,Sharon,,3/1/1990,3:46 AM,83658,6.513,False,Business Development
253,10442,DEVELOPMENT,Senior Software Developer,Ralph,Male,11/11/2004,1:35 AM,71896,4.232,True,Marketing
254,10443,HR,Lead Analyst,,,4/28/2003,3:01 AM,113732,10.391,,Sales
255,10444,HR,Project Lead,Edward,Male,5/27/1985,10:13 PM,110485,7.995,False,Client Services
256,10445,DEVELOPMENT,Lead Analyst,Denise,Female,3/20/2009,7:57 AM,115118,5.108,False,Human Resources
257,10446,IT,Project Lead,Debra,Female,3/13/1998,11:16 PM,48696,4.75,False,Legal
258,10447,DEVELOPMENT,Lead Analyst,,Male,11/25/1999,6:16 AM,42676,15.517,,Sales
259,10448,DEVELOPMENT,Senior Software Developer,Michael,Male,1/24/2002,3:04 AM,43586,12.659,False,
260,10449,DEVELOPMENT,Junior Software Developer,Henry,Male,2/6/1995,8:34 AM,89258,15.585,True,Human Resources
261,10450,HR,Project Lead,Gloria,Female,3/27/2007,1:44 AM,90730,2.491,False,Distribution
262,10451,IT,Senior Software Developer,Marie,Female,8/6/1995,1:58 PM,100308,13.677,False,Product
263,10452,IT,Senior Software Developer,Anne,Female,7/16/1986,2:08 PM,69134,3.723,True,Engineering
264,10453,IT,Junior Software Developer,Sarah,,11/21/1985,1:08 PM,58295,14.603,True,Engineering
265,10454,IT,Project Manager,Stephanie,Female,3/24/1983,11:15 AM,50141,13.218,True,Human Resources
266,10455,DEVELOPMENT,Project Manager,Roy,Male,9/23/2004,1:31 PM,101941,3.45,False,Client Services
267,10456,IT,Project Lead,,Female,8/5/2009,8:14 AM,115145,14.063,,Distribution
268,10457,HR,Project Manager,,Male,2/4/2005,1:01 PM,40451,16.044,,Distribution
269,10458,IT,Junior Software Developer,Irene,Female,3/3/1982,8:26 AM,56526,5.81,True,Finance
270,10459,IT,IT Admin,,Female,8/2/1992,8:35 PM,145316,18.517,,Human Resources
271,10460,DEVELOPMENT,Senior Software Developer,Thomas,Male,4/6/2011,1:04 PM,103235,9.554,True,Human Resources
272,10461,DEVELOPMENT,Senior Software Developer,Frank,,11/20/2001,10:18 AM,58563,12.062,True,Marketing
273,10462,HR,Senior Software Developer,Fred,Male,2/20/1980,2:25 AM,74129,18.225,False,Product
274,10463,HR,Project Manager,Nicholas,Male,4/12/1994,8:21 PM,74669,1.113,True,Product
275,10464,DEVELOPMENT,Junior Software Developer,Howard,Male,10/5/1982,7:22 AM,97490,5.46,True,Marketing
276,10465,HR,Project Lead,Debra,Female,2/22/1994,10:25 PM,104250,18.456,True,Business Development
277,10466,IT,Project Lead,Christine,Female,7/3/1989,4:01 AM,94345,11.996,False,Finance
278,10467,DEVELOPMENT,Junior Software Developer,Brenda,,5/29/1991,6:32 AM,82439,19.062,False,Sales
279,10468,IT,Senior Software Developer,Betty,Female,6/28/2005,6:03 PM,51613,12.984,False,Distribution
280,10469,IT,Project Lead,Ruby,Female,11/8/2000,7:35 PM,105946,1.139,False,Business Development
281,10470,IT,Project Manager,Kevin,Male,7/12/1997,2:07 AM,46080,9.635,False,Business Development
282,10471,IT,Project Lead,Arthur,Male,1/1/2014,7:46 PM,134610,6.147,True,Human Resources
283,10472,HR,Junior Software Developer,Carl,,2/7/2014,3:57 AM,125104,12.345,False,Client Services
284,10473,IT,Junior Software Developer,Todd,Male,3/11/2009,3:43 AM,107281,1.612,True,Engineering
285,10474,HR,Lead Analyst,Brenda,Female,10/6/2005,9:33 PM,141521,4.337,False,Client Services
286,10475,HR,Project Manager,Judy,Female,9/16/1997,12:10 AM,65931,2.304,False,Human Resources
287,10476,HR,Lead Analyst,Todd,Male,2/2/1984,10:13 AM,69989,10.985,True,Finance
288,10477,HR,Project Manager,Lois,Female,11/9/2011,7:06 AM,147183,9.999,True,Client Services
289,10478,HR,Lead Analyst,Walter,,12/21/1999,10:33 PM,66757,18.099,False,Distribution
290,10479,IT,Project Lead,Jessica,Female,9/27/1985,1:35 PM,75145,6.388,True,Legal
291,10480,IT,Lead Analyst,Jeremy,Male,6/14/1988,6:20 PM,129460,13.657,True,
292,10481,HR,Lead Analyst,Tammy,Female,11/11/1984,10:30 AM,132839,17.463,True,Client Services
293,10482,DEVELOPMENT,IT Admin,Anne,Female,3/7/2000,6:45 AM,44537,18.284,True,Client Services
294,10483,HR,Senior Software Developer,Jesse,Male,10/25/1999,3:35 PM,118733,9.653,False,Marketing
295,10484,DEVELOPMENT,Lead Analyst,Virginia,Female,10/20/1999,6:23 AM,46905,19.154,False,Distribution
296,10485,IT,IT Admin,Jesse,Male,3/2/1981,7:26 PM,79582,3.873,False,Legal
297,10486,HR,Project Manager,Jeremy,,11/10/1996,1:49 PM,55394,3.18,True,Sales
298,10487,HR,Project Manager,Daniel,Male,9/15/2007,10:16 PM,123811,7.664,True,Human Resources
299,10488,IT,Lead Analyst,Patrick,,8/30/2004,11:43 AM,137314,4.542,True,Marketing
300,10489,HR,Lead Analyst,Emily,Female,1/13/1988,6:42 AM,36711,19.028,True,Human Resources
301,10490,IT,Project Lead,Alan,Male,6/26/1988,3:54 AM,111786,3.592,True,Engineering
302,10491,DEVELOPMENT,Project Manager,James,Male,7/11/2015,8:52 PM,72257,13.023,False,Engineering
303,10492,DEVELOPMENT,Project Lead,Adam,Male,7/5/2007,11:59 AM,71276,5.027,True,Human Resources
304,10493,IT,Project Manager,Joan,,7/25/1980,12:22 PM,38712,3.657,False,Client Services
305,10494,HR,Senior Software Developer,Jeremy,Male,8/12/1981,12:05 AM,46930,18.702,True,Finance
306,10495,HR,Lead Analyst,Margaret,Female,2/6/1993,1:05 PM,125220,3.733,False,Marketing
307,10496,IT,Lead Analyst,Mark,Male,4/1/1984,1:21 PM,121477,17.44,True,Business Development
308,10497,IT,Senior Software Developer,Marilyn,Female,9/26/1981,2:23 AM,86386,2.937,False,Distribution
309,10498,DEVELOPMENT,Junior Software Developer,Cheryl,Female,9/8/2009,10:16 AM,81308,2.196,True,Legal
310,10499,HR,Project Lead,Benjamin,Male,9/11/1984,6:37 AM,84810,15.794,False,Marketing
311,10500,HR,Senior Software Developer,Harold,Male,2/20/1990,11:00 PM,66775,2.158,True,Legal
312,10501,IT,Lead Analyst,Ernest,,1/18/2002,1:51 AM,72145,13.448,True,Finance
313,10502,HR,IT Admin,Gerald,Male,4/16/2001,10:09 PM,121604,1.923,True,Sales
314,10503,HR,Project Manager,Judy,Female,7/1/1991,2:33 AM,109510,13.457,True,Legal
315,10504,IT,Junior Software Developer,Bobby,Male,3/31/1996,5:40 PM,112117,6.338,False,
316,10505,HR,IT Admin,Bobby,,9/1/1995,2:09 PM,108127,15.858,False,Client Services
317,10506,IT,Junior Software Developer,Marie,Female,10/3/2013,8:05 PM,123711,10.966,False,Product
318,10507,DEVELOPMENT,Junior Software Developer,Kathy,Female,12/18/2013,3:09 PM,132381,8.34,False,Business Development
319,10508,IT,Junior Software Developer,Roy,Male,8/6/2006,7:52 AM,148225,1.841,False,Finance
320,10509,DEVELOPMENT,Project Lead,Jacqueline,Female,11/25/1981,3:01 PM,145988,18.243,False,Marketing
321,10510,DEVELOPMENT,Lead Analyst,,Female,7/8/2008,11:40 PM,62960,14.356,,Sales
322,10511,DEVELOPMENT,Junior Software Developer,Julie,Female,3/23/1986,9:26 AM,56926,7.507,False,Sales
323,10512,IT,IT Admin,Douglas,Male,1/8/2002,6:42 PM,41428,14.372,False,Product
324,10513,IT,Lead Analyst,Linda,Female,12/16/1990,2:20 AM,115658,3.041,True,Sales
325,10514,DEVELOPMENT,Project Manager,Ruby,Female,12/10/1988,8:27 PM,76707,6.031,False,Business Development
326,10515,IT,IT Admin,Russell,Male,1/2/2005,1:48 AM,60388,17.885,False,Client Services
327,10516,DEVELOPMENT,Senior Software Developer,Jeffrey,Male,6/18/1997,8:01 PM,45150,12.075,True,Product
328,10517,DEVELOPMENT,Project Manager,Aaron,Male,1/29/1994,6:48 PM,58755,5.097,True,Marketing
329,10518,IT,Project Lead,Samuel,Male,12/19/1991,2:54 AM,76076,5.319,True,Finance
330,10519,IT,Project Lead,,Male,1/27/2010,2:57 AM,87760,14.987,,Engineering
331,10520,HR,Project Lead,Randy,Male,3/16/2014,6:24 PM,135119,7.887,False,Client Services
332,10521,HR,Project Lead,Evelyn,Female,9/3/1983,1:58 PM,36759,17.269,True,Marketing
333,10522,IT,Lead Analyst,Fred,Male,2/13/1987,2:15 PM,121723,18.645,True,Product
334,10523,DEVELOPMENT,Project Manager,Shirley,Female,6/8/1986,2:25 AM,110061,7.494,False,Client Services
335,10524,IT,Lead Analyst,Todd,Male,5/23/2011,4:14 PM,85074,1.844,False,Client Services
336,10525,HR,IT Admin,Robert,Male,11/18/2014,5:00 AM,85799,19.93,False,Finance
337,10526,IT,Junior Software Developer,Mark,Male,1/22/2007,2:37 PM,75150,12.182,True,Legal
338,10527,HR,IT Admin,Earl,Male,1/5/2000,5:46 PM,91344,4.035,True,Sales
339,10528,DEVELOPMENT,Project Manager,Richard,Male,9/27/2005,1:41 AM,86326,10.717,False,Product
340,10529,DEVELOPMENT,Senior Software Developer,Michael,Male,11/22/1991,12:57 PM,98753,16.443,True,Human Resources
341,10530,DEVELOPMENT,IT Admin,Steven,Male,5/12/2009,2:14 PM,113060,2.846,True,Sales
342,10531,HR,Project Lead,Carlos,Male,9/19/2007,1:01 AM,77327,11.58,True,Finance
343,10532,DEVELOPMENT,Project Lead,Marie,Female,10/20/2011,10:09 PM,62666,10.247,False,Product
344,10533,IT,Junior Software Developer,Ronald,Male,2/24/2009,2:09 PM,96633,4.99,True,Engineering
345,10534,HR,Project Manager,Scott,Male,5/12/2009,4:36 AM,58248,3.914,False,Business Development
346,10535,IT,Lead Analyst,Steven,Male,11/21/2006,8:30 AM,83706,6.96,True,Human Resources
347,10536,IT,Junior Software Developer,James,Male,11/22/1998,3:48 AM,74086,5.778,True,Human Resources
348,10537,IT,IT Admin,Lori,Female,3/31/1988,10:59 PM,95389,14.223,False,Sales
349,10538,IT,Project Manager,Philip,Male,8/2/1989,11:21 AM,129968,19.897,False,Finance
350,10539,DEVELOPMENT,Project Lead,Phyllis,Female,11/24/2005,11:57 PM,140347,8.723,False,Sales
351,10540,IT,Junior Software Developer,Thomas,,8/31/1995,8:31 PM,41549,3.95,False,Sales
352,10541,IT,Lead Analyst,Cynthia,Female,12/3/2012,11:03 PM,74287,10.751,False,Sales
353,10542,IT,Junior Software Developer,,Male,10/9/2011,9:29 AM,69906,4.844,,Engineering
354,10543,DEVELOPMENT,Junior Software Developer,,Male,4/22/1997,9:36 PM,65078,3.095,,Marketing
355,10544,IT,Project Manager,Elizabeth,Female,11/10/2005,4:56 AM,106406,1.782,True,Legal
356,10545,HR,Project Lead,Andrea,Female,9/14/2003,10:30 PM,115913,12.121,False,Legal
357,10546,DEVELOPMENT,Project Manager,Judy,Female,2/1/1990,3:32 PM,38092,5.668,False,Distribution
358,10547,IT,Project Lead,Russell,Male,8/13/2014,3:51 PM,121160,7.843,False,Engineering
359,10548,HR,Senior Software Developer,Scott,Male,12/17/2011,3:45 AM,90429,4.45,False,Product
360,10549,HR,Project Lead,Sarah,Female,5/22/1994,7:06 AM,64207,7.824,True,Client Services
361,10550,IT,Junior Software Developer,Susan,Female,9/25/2004,1:30 AM,80688,18.892,True,Sales
362,10551,DEVELOPMENT,Lead Analyst,Margaret,Female,5/5/2014,6:01 AM,55044,4.078,False,Sales
363,10552,DEVELOPMENT,Project Manager,Joshua,Male,11/9/2009,6:32 AM,72893,9.555,False,Distribution
364,10553,IT,Lead Analyst,Justin,,4/15/2005,8:43 PM,96978,13.865,False,Finance
365,10554,IT,IT Admin,Juan,Male,4/16/2002,11:09 PM,97364,3.595,False,Product
366,10555,HR,Senior Software Developer,Gloria,,7/19/1983,1:57 AM,140885,1.113,False,Human Resources
367,10556,DEVELOPMENT,Project Manager,Jennifer,,1/24/1989,8:38 PM,58520,16.231,True,Client Services
368,10557,IT,Project Lead,Edward,Male,8/4/1989,6:06 AM,66067,10.957,True,
369,10558,IT,Project Lead,Marilyn,Female,12/17/1982,12:10 PM,147183,8.748,False,Business Development
370,10559,DEVELOPMENT,Senior Software Developer,Mary,Female,10/18/2009,6:32 PM,87721,12.484,False,Product
371,10560,HR,Senior Software Developer,Linda,Female,7/15/2009,10:12 PM,144001,2.194,False,Business Development
372,10561,DEVELOPMENT,Project Manager,Larry,Male,8/27/2003,1:00 PM,91133,5.14,False,Sales
373,10562,HR,Project Lead,Albert,Male,2/1/1997,4:20 PM,67827,19.717,True,Engineering
374,10563,IT,Lead Analyst,Kenneth,Male,4/13/1999,10:28 PM,81839,12.072,False,Sales
375,10564,DEVELOPMENT,Senior Software Developer,,Female,12/31/2006,11:02 PM,81444,3.171,,Distribution
376,10565,HR,Lead Analyst,Gregory,,7/9/2011,11:31 PM,137661,4.805,True,Sales
377,10566,DEVELOPMENT,Project Lead,Brandon,Male,10/16/2015,2:44 AM,112548,4.664,False,Engineering
378,10567,IT,Project Manager,Stephen,Male,4/9/1987,12:47 PM,111249,10.574,True,Human Resources
379,10568,DEVELOPMENT,Project Lead,Russell,Male,10/30/1994,5:46 AM,114334,9.669,False,Product
380,10569,HR,Junior Software Developer,,Female,9/18/2002,12:39 PM,118906,4.537,,Marketing
381,10570,DEVELOPMENT,Project Manager,Pamela,,7/15/2001,1:33 PM,72979,5.66,False,Sales
382,10571,IT,Senior Software Developer,Scott,Male,8/3/1996,1:50 AM,64172,10.894,True,Engineering
383,10572,IT,IT Admin,,Female,4/18/1996,3:57 PM,107024,12.182,,
384,10573,HR,Lead Analyst,Carlos,Male,7/28/2010,3:08 PM,50167,2.362,False,Product
385,10574,HR,Junior Software Developer,Jack,Male,12/24/1980,10:58 PM,106995,15.723,False,Product
386,10575,HR,Project Lead,Debra,Female,1/19/2010,8:48 AM,70492,8.895,False,Client Services
387,10576,HR,Lead Analyst,Phyllis,Female,1/15/1995,5:27 AM,125881,16.697,False,Sales
388,10577,HR,Project Lead,Robert,Male,10/29/1994,4:26 AM,123294,19.894,False,Client Services
389,10578,IT,IT Admin,Gloria,Female,9/19/1989,7:40 PM,131045,11.312,True,Product
390,10579,HR,Project Lead,Sharon,,10/28/1984,5:59 PM,97635,10.413,True,Client Services
391,10580,HR,Project Lead,Barbara,,4/26/2001,12:22 AM,94493,13.443,True,Sales
392,10581,DEVELOPMENT,Project Lead,Marilyn,Female,8/15/1989,9:14 AM,140502,9.989,True,Sales
393,10582,IT,Junior Software Developer,Ralph,Male,10/27/2010,10:28 AM,106310,4.03,True,Client Services
394,10583,IT,IT Admin,Harry,,12/5/1996,5:45 AM,46240,6.976,True,Engineering
395,10584,HR,Senior Software Developer,Robin,Female,1/8/1998,2:12 AM,111163,5.025,True,Product
396,10585,HR,Junior Software Developer,Kathy,Female,11/25/2001,9:55 PM,93753,7.094,True,Sales
397,10586,IT,IT Admin,Rose,Female,7/6/2002,3:57 PM,63494,19.385,True,Human Resources
398,10587,IT,Junior Software Developer,Clarence,Male,1/13/2005,9:00 AM,116693,13.835,True,Distribution
399,10588,IT,Senior Software Developer,Doris,Female,7/29/1992,6:40 PM,85215,7.425,True,Human Resources
400,10589,IT,Lead Analyst,Kathryn,Female,6/9/1988,9:29 AM,86439,7.799,False,Finance
401,10590,HR,IT Admin,Billy,,3/16/2004,8:21 AM,62913,18.241,True,Marketing
402,10591,IT,Lead Analyst,Norma,Female,4/16/1996,5:40 AM,38872,9.302,True,Business Development
403,10592,HR,Junior Software Developer,Richard,,11/28/1992,5:05 PM,124655,14.272,True,Engineering
404,10593,DEVELOPMENT,IT Admin,Craig,Male,2/8/1984,4:45 AM,113506,19.642,False,Marketing
405,10594,DEVELOPMENT,Project Manager,Sarah,,7/20/1990,10:49 PM,109980,8.86,False,Sales
406,10595,IT,Project Lead,Sharon,Female,3/9/2014,4:39 PM,91522,7.564,False,Finance
407,10596,IT,Project Lead,Mary,Female,8/22/2010,8:03 AM,42214,17.538,True,Business Development
408,10597,IT,Project Lead,Steve,,2/23/2002,3:55 AM,83159,9.55,True,Distribution
409,10598,IT,Lead Analyst,Joe,Male,12/5/2010,4:20 PM,144082,1.62,True,Client Services
410,10599,DEVELOPMENT,Lead Analyst,Jeremy,Male,5/29/1994,6:24 AM,47885,19.276,True,Human Resources
411,10600,DEVELOPMENT,Lead Analyst,Ernest,Male,8/14/2012,11:25 AM,126232,6.191,True,Sales
412,10601,HR,Project Lead,Kevin,Male,6/23/1981,8:26 PM,134598,11.699,False,Business Development
413,10602,HR,Junior Software Developer,Jacqueline,Female,2/11/2007,2:01 AM,66604,14.609,False,Legal
414,10603,DEVELOPMENT,IT Admin,Johnny,Male,9/14/1992,8:21 AM,115194,5.861,True,Marketing
415,10604,DEVELOPMENT,Junior Software Developer,Gary,Male,8/18/2011,8:12 AM,49101,11.9,True,Business Development
416,10605,DEVELOPMENT,IT Admin,Shirley,,11/16/1990,6:01 PM,67811,12.699,False,Finance
417,10606,DEVELOPMENT,Junior Software Developer,,Male,6/29/2008,5:23 AM,111043,5.966,,Distribution
418,10607,DEVELOPMENT,Lead Analyst,Sarah,,8/31/1981,2:51 PM,37748,9.047,False,Human Resources
419,10608,DEVELOPMENT,Project Manager,Julia,Female,3/2/1982,12:52 PM,36403,2.664,True,Finance
420,10609,HR,IT Admin,Dorothy,Female,11/5/2013,10:50 PM,140136,3.12,True,Business Development
421,10610,HR,Project Manager,Justin,Male,5/22/1986,6:30 AM,121508,19.334,True,Finance
422,10611,HR,Project Manager,Kevin,Male,11/20/1986,6:59 PM,79906,18.021,True,Sales
423,10612,DEVELOPMENT,Project Manager,Victor,Male,9/24/2005,12:04 PM,123144,16.261,True,Product
424,10613,HR,Project Lead,Deborah,Female,11/25/1980,4:33 AM,46953,17.436,False,Client Services
425,10614,DEVELOPMENT,IT Admin,Matthew,,6/9/2003,7:35 AM,79443,14.637,False,Human Resources
426,10615,IT,Lead Analyst,Alice,Female,5/2/1986,1:50 AM,51395,2.378,True,Finance
427,10616,IT,Senior Software Developer,Todd,Male,3/16/2016,2:45 PM,134408,3.56,True,Human Resources
428,10617,DEVELOPMENT,Lead Analyst,Frank,Male,1/10/1981,1:30 PM,71853,8.037,True,Sales
429,10618,IT,IT Admin,Christopher,Male,5/13/1999,10:48 AM,68028,7.869,True,Finance
430,10619,IT,Lead Analyst,Rose,Female,5/28/2015,8:40 AM,149903,5.63,False,Human Resources
431,10620,HR,Junior Software Developer,Andrea,Female,10/1/2010,11:54 AM,79123,19.422,False,Distribution
432,10621,DEVELOPMENT,IT Admin,Charles,Male,12/16/1999,8:28 PM,104014,7.077,False,Legal
433,10622,DEVELOPMENT,Junior Software Developer,Jessica,,3/7/2015,8:45 PM,121160,12.993,False,Client Services
434,10623,IT,Senior Software Developer,Wanda,Female,7/20/2008,1:44 PM,65362,7.132,True,Legal
435,10624,IT,Lead Analyst,Joyce,Female,2/7/1995,7:38 AM,50701,14.227,True,
436,10625,DEVELOPMENT,Junior Software Developer,Billy,Male,12/1/2006,3:32 PM,144709,10.069,True,Distribution
437,10626,DEVELOPMENT,Project Manager,Kathryn,Female,8/29/2007,6:10 AM,53061,11.864,True,Finance
438,10627,IT,IT Admin,Denise,Female,3/18/2001,12:02 AM,36697,11.196,True,Sales
439,10628,HR,Senior Software Developer,Jason,Male,11/20/1998,2:54 PM,69244,6.22,True,
440,10629,DEVELOPMENT,Senior Software Developer,Nicholas,Male,3/1/2013,9:26 PM,101036,2.826,True,Human Resources
441,10630,HR,Lead Analyst,Aaron,Male,7/22/1990,2:53 PM,52119,11.343,True,Client Services
442,10631,HR,Project Lead,Louise,Female,5/13/2003,9:47 AM,46666,1.886,True,Business Development
443,10632,DEVELOPMENT,Junior Software Developer,Julie,Female,4/23/1998,5:52 AM,73437,2.518,True,Finance
444,10633,IT,IT Admin,Kathy,Female,5/8/1987,6:19 PM,86318,18.492,True,Sales
445,10634,DEVELOPMENT,Project Manager,,Male,5/24/2016,9:17 PM,76409,7.008,,Distribution
446,10635,HR,Project Manager,Chris,Male,12/12/2006,1:57 AM,71642,1.496,False,
447,10636,HR,Project Lead,Cheryl,Female,8/16/1994,8:33 AM,67150,15.85,True,Marketing
448,10637,DEVELOPMENT,Project Manager,Gregory,Male,5/15/2009,3:52 PM,142208,11.204,True,Engineering
449,10638,IT,Lead Analyst,Wayne,Male,1/30/1992,3:01 PM,81183,17.066,False,Client Services
450,10639,HR,Senior Software Developer,Beverly,Female,11/30/2005,2:57 AM,107163,3.665,True,Human Resources
451,10640,HR,Lead Analyst,Willie,Male,8/22/2009,1:03 PM,55038,19.691,False,Legal
452,10641,DEVELOPMENT,Project Manager,Terry,,7/15/2016,12:29 AM,140002,19.49,True,Marketing
453,10642,DEVELOPMENT,Lead Analyst,Scott,Male,11/17/2012,2:47 PM,146812,1.965,True,Marketing
454,10643,IT,Lead Analyst,Annie,Female,12/19/1994,6:19 AM,40119,4.338,True,Human Resources
455,10644,HR,Lead Analyst,,Male,2/21/1995,12:26 AM,136602,10.429,,Marketing
456,10645,IT,Lead Analyst,Ruth,Female,10/24/2000,4:13 AM,69579,18.029,True,Human Resources
457,10646,IT,Project Lead,Deborah,,2/3/1983,11:38 PM,101457,6.662,False,Engineering
458,10647,DEVELOPMENT,Project Lead,Patricia,Female,1/9/2015,4:16 AM,121232,16.624,False,Legal
459,10648,HR,Junior Software Developer,Albert,Male,9/30/2007,5:34 PM,102626,15.843,False,Finance
460,10649,HR,Senior Software Developer,Charles,,3/1/1987,1:00 PM,137171,5.574,True,Marketing
461,10650,IT,Lead Analyst,Tina,Female,1/17/2005,9:11 AM,88276,14.248,False,Legal
462,10651,HR,Project Manager,Jeremy,Male,8/9/2001,3:56 AM,43354,13.946,False,Marketing
463,10652,DEVELOPMENT,IT Admin,Craig,Male,4/14/1996,9:17 AM,125556,7.996,False,Engineering
464,10653,IT,IT Admin,Jose,Male,7/11/2002,9:15 AM,59862,3.269,False,Product
465,10654,HR,Senior Software Developer,Lawrence,Male,5/13/2005,1:25 AM,74640,18.641,False,Marketing
466,10655,IT,Senior Software Developer,Helen,Female,10/31/1997,2:43 AM,52875,4.188,False,Legal
467,10656,DEVELOPMENT,Senior Software Developer,Walter,Male,8/4/2007,1:59 PM,58789,5.461,False,Sales
468,10657,IT,Senior Software Developer,Amy,Female,6/19/2002,3:06 AM,122897,8.222,True,Engineering
469,10658,IT,Project Lead,Janice,Female,6/28/1997,1:48 PM,136032,10.696,True,Marketing
470,10659,DEVELOPMENT,Project Manager,Stephen,Male,5/9/2015,7:07 PM,141958,9.078,True,Legal
471,10660,HR,Senior Software Developer,Ryan,Male,7/20/1993,10:18 PM,139917,11.466,False,Distribution
472,10661,HR,Senior Software Developer,Sharon,Female,3/12/2002,6:32 AM,147635,14.693,False,Human Resources
473,10662,DEVELOPMENT,Lead Analyst,Joshua,Male,7/10/1984,7:22 PM,68230,8.047,False,Client Services
474,10663,HR,Lead Analyst,Clarence,Male,8/20/1992,8:23 PM,124365,8.457,False,Business Development
475,10664,DEVELOPMENT,Project Manager,Jonathan,Male,8/15/2002,12:01 AM,104749,11.364,False,Engineering
476,10665,DEVELOPMENT,Project Lead,Stephanie,Female,11/26/1992,12:54 AM,122121,7.937,True,Engineering
477,10666,HR,Project Manager,Kathy,Female,10/25/1996,12:59 PM,143541,8.461,False,Human Resources
478,10667,DEVELOPMENT,Junior Software Developer,Albert,Male,8/14/2008,5:43 PM,137840,9.705,False,Business Development
479,10668,DEVELOPMENT,Junior Software Developer,Michael,Male,5/22/2011,10:42 AM,73354,18.357,False,Business Development
480,10669,HR,IT Admin,Richard,Male,7/4/1997,11:47 AM,47647,18.787,True,
481,10670,IT,Senior Software Developer,Amy,Female,3/30/2008,10:54 PM,106249,15.967,False,Sales
482,10671,HR,IT Admin,,Female,4/27/2013,6:40 AM,93847,1.085,,Business Development
483,10672,IT,Junior Software Developer,Beverly,,5/3/1995,5:49 AM,104815,3.38,False,Product
484,10673,IT,Project Lead,,Female,4/26/1992,8:01 PM,115436,3.099,,Human Resources
485,10674,DEVELOPMENT,Senior Software Developer,Joe,Male,4/14/2000,3:14 PM,50645,11.119,False,Marketing
486,10675,DEVELOPMENT,Project Lead,Ashley,Female,8/15/1997,9:48 PM,142415,1.985,True,Finance
487,10676,IT,Project Lead,Howard,Male,4/9/2012,6:36 AM,37984,2.021,False,Distribution
488,10677,IT,IT Admin,Cheryl,Female,12/3/2014,9:27 AM,71751,15.918,False,Business Development
489,10678,HR,Lead Analyst,Robert,Male,3/11/2007,11:20 AM,135882,19.944,False,Legal
490,10679,DEVELOPMENT,Lead Analyst,Sharon,Female,7/1/2011,9:50 AM,46007,19.731,True,Client Services
491,10680,IT,Senior Software Developer,Judith,Female,11/23/2007,1:22 PM,117055,7.461,False,Marketing
492,10681,HR,Senior Software Developer,Nicholas,,9/9/1989,7:12 PM,58478,6.525,True,Distribution
493,10682,DEVELOPMENT,Project Lead,Jerry,Male,1/30/1995,7:51 PM,121357,18.845,False,Business Development
494,10683,HR,Senior Software Developer,Craig,Male,11/1/2005,11:31 PM,44857,13.266,False,Finance
495,10684,HR,Senior Software Developer,Barbara,Female,3/21/2002,8:02 AM,47322,7.25,True,Sales
496,10685,HR,Senior Software Developer,Eugene,Male,5/24/1984,10:54 AM,81077,2.117,False,Sales
497,10686,DEVELOPMENT,Project Manager,Johnny,Male,2/26/2016,7:39 PM,76394,5.437,True,Marketing
498,10687,HR,Project Manager,Benjamin,Male,5/5/2013,3:28 PM,114356,7.123,False,Client Services
499,10688,DEVELOPMENT,Senior Software Developer,Diana,Female,6/13/1994,4:21 PM,41831,4.548,False,Business Development
500,10689,HR,Project Lead,Barbara,,12/10/1980,11:04 PM,90187,14.764,True,Distribution
501,10690,DEVELOPMENT,Project Manager,Christine,Female,2/1/2003,1:11 PM,72613,11.126,False,Legal
502,10691,IT,Lead Analyst,Sean,Male,2/11/2013,7:07 PM,42748,9.765,False,Distribution
503,10692,HR,Project Lead,Sarah,Female,11/3/1980,2:47 PM,37259,1.763,False,Client Services
504,10693,IT,IT Admin,Roger,Male,8/3/2015,4:56 PM,125033,4.887,True,Marketing
505,10694,DEVELOPMENT,IT Admin,,Female,6/24/2014,10:05 AM,38275,10.494,,Distribution
506,10695,IT,Project Manager,,Male,4/20/1980,1:17 PM,71520,13.248,,Engineering
507,10696,DEVELOPMENT,Junior Software Developer,Donald,Male,7/14/1995,7:51 AM,106472,6.499,True,Client Services
508,10697,IT,IT Admin,Clarence,Male,11/3/2015,12:11 AM,103684,18.654,True,Engineering
509,10698,DEVELOPMENT,Junior Software Developer,Scott,Male,11/23/1996,7:36 PM,96111,15.592,False,Human Resources
510,10699,DEVELOPMENT,Senior Software Developer,Ann,Female,11/4/1984,12:17 PM,90719,6.22,False,Business Development
511,10700,IT,Senior Software Developer,Frank,Male,4/27/2003,12:04 PM,140303,17.07,False,Legal
512,10701,DEVELOPMENT,IT Admin,Joe,Male,7/4/1983,7:32 AM,62161,8.13,True,Business Development
513,10702,DEVELOPMENT,Project Manager,Wanda,Female,4/6/1993,3:11 AM,78883,19.695,False,
514,10703,DEVELOPMENT,Senior Software Developer,Jimmy,Male,11/19/2013,7:29 PM,63549,19.624,False,
515,10704,DEVELOPMENT,Project Manager,Amy,,12/25/1984,10:52 AM,63888,18.115,True,Product
516,10705,DEVELOPMENT,Project Lead,Larry,Male,1/8/1999,2:05 AM,97370,10.458,False,Sales
517,10706,DEVELOPMENT,Project Lead,Gloria,Female,4/12/1992,8:26 PM,66224,15.979,True,Legal
518,10707,IT,Lead Analyst,Ruth,Female,12/12/1996,10:07 AM,97915,3.997,True,Human Resources
519,10708,HR,Senior Software Developer,Diana,Female,1/19/1995,12:37 AM,86883,18.003,True,Product
520,10709,DEVELOPMENT,Senior Software Developer,Raymond,Male,2/16/2009,10:38 PM,37812,3.178,False,Human Resources
521,10710,DEVELOPMENT,Project Lead,Peter,Male,2/22/2003,9:09 AM,56580,8.411,True,
522,10711,IT,IT Admin,,,9/25/1981,9:59 AM,83895,17.971,,Engineering
523,10712,HR,Lead Analyst,Catherine,Female,8/31/2013,7:24 PM,58047,14.858,True,Distribution
524,10713,IT,Project Manager,Diane,Female,7/5/1982,4:56 PM,124889,15.026,True,Sales
525,10714,IT,Lead Analyst,Peter,,10/13/2014,9:33 PM,118840,14.509,True,Client Services
526,10715,IT,Project Manager,Steve,Male,8/22/1995,6:58 AM,67780,9.54,True,Human Resources
527,10716,DEVELOPMENT,Senior Software Developer,Barbara,Female,3/22/2004,8:11 AM,144677,8.696,False,Finance
528,10717,HR,IT Admin,Helen,,12/2/1993,1:42 PM,45724,1.022,False,Product
529,10718,DEVELOPMENT,IT Admin,Jimmy,,8/26/1983,2:48 AM,86676,7.175,True,Product
530,10719,IT,Project Manager,Christopher,Male,4/23/2014,7:52 AM,82401,7.252,False,Client Services
531,10720,HR,Lead Analyst,Kathleen,Female,6/13/2014,9:16 AM,35575,14.595,False,Distribution
532,10721,DEVELOPMENT,Lead Analyst,Virginia,Female,5/2/2010,9:10 PM,123649,10.154,True,Marketing
533,10722,DEVELOPMENT,IT Admin,Lisa,Female,2/26/2005,6:33 PM,38078,10.28,True,Product
534,10723,HR,Project Lead,Earl,Male,2/11/2014,9:03 PM,52620,13.773,False,Product
535,10724,HR,Senior Software Developer,Gerald,,1/8/1992,3:50 PM,133366,12.292,False,Legal
536,10725,IT,Junior Software Developer,Louise,Female,9/18/1981,5:47 AM,91462,8.205,False,Marketing
537,10726,HR,Project Manager,Clarence,Male,8/26/1982,9:47 AM,146589,4.905,True,Business Development
538,10727,IT,Junior Software Developer,Cynthia,Female,9/14/1991,1:08 PM,51633,13.472,True,Business Development
539,10728,HR,IT Admin,Adam,Male,10/8/2010,9:53 PM,45181,3.491,False,Human Resources
540,10729,IT,IT Admin,Justin,Male,9/6/1999,10:30 AM,62454,3.459,True,Sales
541,10730,HR,Junior Software Developer,,Female,12/2/2009,3:30 AM,84746,4.82,,Finance
542,10731,DEVELOPMENT,Junior Software Developer,Ruby,Female,5/1/1999,3:36 AM,147362,7.851,True,Engineering
543,10732,IT,Project Lead,Amanda,Female,8/1/2004,1:32 PM,80803,14.077,True,Distribution
544,10733,DEVELOPMENT,Junior Software Developer,Anna,Female,4/15/2008,2:34 PM,117293,2.366,False,Client Services
545,10734,IT,Lead Analyst,Roger,Male,7/3/2010,5:11 PM,105689,13.32,True,Marketing
546,10735,IT,Junior Software Developer,Julie,,2/4/1999,5:35 PM,93302,9.048,True,Product
547,10736,HR,Project Lead,Joseph,Male,9/10/1992,6:50 PM,102555,3.672,True,Product
548,10737,DEVELOPMENT,Senior Software Developer,Evelyn,Female,9/22/1998,7:55 PM,51525,10.366,False,Finance
549,10738,IT,IT Admin,Janice,Female,1/2/1984,9:06 PM,41190,3.311,True,Sales
550,10739,HR,IT Admin,Sara,Female,2/25/1980,10:50 PM,75484,3.186,False,Finance
551,10740,IT,IT Admin,Gregory,Male,6/18/1984,3:46 AM,82726,16.304,True,Marketing
552,10741,HR,Project Lead,Philip,Male,7/18/1985,6:36 AM,122319,19.122,False,Engineering
553,10742,IT,IT Admin,Barbara,Female,9/2/1991,3:41 PM,127297,11.905,True,Product
554,10743,IT,Lead Analyst,Amanda,Female,6/7/2002,7:46 AM,109290,13.853,False,Engineering
555,10744,IT,Project Lead,Phyllis,,10/25/1985,7:11 AM,99150,6.007,False,Client Services
556,10745,DEVELOPMENT,Senior Software Developer,Anne,Female,10/26/1996,8:09 PM,71930,18.451,True,Product
557,10746,DEVELOPMENT,Project Lead,Arthur,Male,12/16/2014,4:56 PM,66819,6.639,True,Marketing
558,10747,DEVELOPMENT,Junior Software Developer,Jane,Female,6/1/1994,8:39 AM,42424,18.115,False,Distribution
559,10748,HR,Lead Analyst,Linda,Female,8/18/1985,4:34 AM,51431,13.295,False,Engineering
560,10749,DEVELOPMENT,Lead Analyst,Ashley,Female,11/17/1999,9:18 PM,120675,6.51,False,Human Resources
561,10750,HR,Lead Analyst,Shawn,Male,12/3/2009,10:24 AM,96610,2.097,True,Client Services
562,10751,IT,IT Admin,Kathleen,Female,9/20/1996,3:45 PM,71430,8.572,False,Engineering
563,10752,DEVELOPMENT,IT Admin,Sara,,10/7/1983,1:35 PM,87713,18.863,True,Legal
564,10753,IT,Junior Software Developer,Randy,Male,5/2/2002,7:39 PM,86723,14.842,False,Engineering
565,10754,IT,IT Admin,Andrew,Male,3/29/1985,6:57 PM,43414,7.563,True,Client Services
566,10755,HR,Project Manager,Marilyn,Female,8/9/2006,11:24 AM,87145,17.33,False,Human Resources
567,10756,IT,IT Admin,Johnny,Male,1/8/1995,1:35 PM,91124,12.986,True,Distribution
568,10757,HR,Project Lead,,Female,4/1/1980,8:04 PM,48141,12.605,,
569,10758,HR,Lead Analyst,Susan,Female,4/18/1986,9:31 AM,90829,19.142,False,Marketing
570,10759,HR,Project Manager,Ruby,Female,7/7/1980,3:42 AM,101262,6.773,False,Client Services
571,10760,HR,IT Admin,Kelly,Female,8/16/1996,3:09 AM,41427,1.431,False,Product
572,10761,HR,IT Admin,Jonathan,Male,4/6/1995,10:38 PM,56993,18.623,False,Marketing
573,10762,IT,Project Manager,Raymond,Male,1/13/1996,4:14 PM,114244,16.69,False,Human Resources
574,10763,DEVELOPMENT,Project Manager,Kimberly,Female,12/30/1981,4:51 AM,81800,5.435,True,
575,10764,IT,Project Manager,,Female,1/13/2009,1:01 PM,118736,7.421,,Client Services
576,10765,DEVELOPMENT,Junior Software Developer,John,Male,1/22/1995,12:17 AM,66077,5.809,True,Product
577,10766,DEVELOPMENT,Project Manager,Michael,Male,7/30/1993,5:35 PM,35013,14.879,False,Product
578,10767,IT,Senior Software Developer,Jerry,Male,5/4/2003,4:29 AM,98393,11.393,False,Client Services
579,10768,HR,Lead Analyst,Amanda,Female,3/17/1982,11:46 PM,107111,1.438,True,Product
580,10769,HR,Senior Software Developer,Harold,Male,10/18/2010,8:45 PM,65673,1.187,True,Legal
581,10770,HR,Junior Software Developer,Harry,Male,1/27/1985,8:18 PM,65482,18.089,False,
582,10771,HR,Project Manager,Ernest,Male,1/28/1990,12:08 AM,81919,15.118,False,Marketing
583,10772,IT,IT Admin,Harry,Male,11/19/1982,11:25 AM,59277,10.2,False,Finance
584,10773,HR,Project Manager,Diane,Female,2/2/1988,6:14 PM,49501,13.506,False,Business Development
585,10774,HR,Project Lead,Jack,Male,5/30/2012,3:17 AM,70367,18.266,True,Legal
586,10775,DEVELOPMENT,Project Manager,Shirley,Female,4/16/1988,11:09 AM,132156,2.754,False,Marketing
587,10776,HR,IT Admin,Rose,Female,10/30/2004,4:34 PM,56961,7.585,False,Marketing
588,10777,DEVELOPMENT,Project Lead,Cheryl,Female,7/23/1982,6:28 AM,98841,8.945,True,Client Services
589,10778,IT,Project Manager,Cynthia,Female,5/23/1980,3:19 AM,78226,2.419,False,Human Resources
590,10779,IT,Junior Software Developer,Sandra,Female,4/24/1995,7:14 PM,116931,9.657,True,Human Resources
591,10780,IT,Project Manager,Andrea,Female,10/30/1994,11:23 AM,87575,13.346,True,Business Development
592,10781,IT,IT Admin,Rachel,Female,4/22/1988,12:01 PM,110924,7.808,False,Distribution
593,10782,HR,Senior Software Developer,Justin,Male,5/24/1981,11:15 PM,78351,15.221,False,Sales
594,10783,HR,Project Lead,Marie,Female,11/23/2000,5:06 AM,125574,4.644,False,Sales
595,10784,HR,Lead Analyst,Louis,Male,4/15/2011,5:02 AM,95198,2.075,False,Business Development
596,10785,IT,Senior Software Developer,Nancy,Female,5/7/1985,10:20 PM,121006,3.512,True,Finance
597,10786,IT,Senior Software Developer,Mark,Male,10/3/1984,5:31 AM,95728,6.752,True,Business Development
598,10787,DEVELOPMENT,Project Manager,Teresa,Female,6/24/1987,7:37 PM,69740,8.294,False,Distribution
599,10788,HR,Lead Analyst,Frances,Female,7/21/2001,2:34 AM,91996,11.506,False,Product
600,10789,DEVELOPMENT,Project Lead,,Female,10/11/1990,10:57 PM,98385,10.925,,Human Resources
601,10790,IT,Lead Analyst,Barbara,,12/20/1994,10:09 AM,90556,15.749,True,Distribution
602,10791,DEVELOPMENT,IT Admin,Christine,,6/15/1980,6:00 PM,50366,9.862,True,Marketing
603,10792,IT,Lead Analyst,Bobby,,7/21/2003,3:50 PM,84232,15.704,True,Engineering
604,10793,HR,Lead Analyst,Carl,,10/26/1991,8:11 AM,100888,12.49,True,Business Development
605,10794,HR,Senior Software Developer,Bruce,Male,3/15/2013,11:13 PM,141335,15.427,True,Engineering
606,10795,HR,Junior Software Developer,Rose,Female,5/20/1982,9:14 AM,97691,2.142,False,Client Services
607,10796,HR,Project Manager,Mildred,Female,2/21/1981,3:30 AM,47266,10.256,False,Client Services
608,10797,HR,Project Lead,,Male,10/13/1983,11:59 PM,139754,12.74,,Sales
609,10798,HR,Junior Software Developer,,Female,10/24/1993,5:17 PM,116236,17.274,,Engineering
610,10799,DEVELOPMENT,Project Manager,Todd,Male,2/16/2010,11:29 AM,103405,15.91,False,Sales
611,10800,HR,Project Lead,Alan,Male,2/17/2012,12:26 AM,41453,10.084,False,Product
612,10801,HR,Project Lead,Elizabeth,,2/16/1981,3:58 AM,52730,12.525,False,Marketing
613,10802,IT,IT Admin,Julie,,10/21/2000,1:15 AM,60361,7.099,True,Distribution
614,10803,DEVELOPMENT,Senior Software Developer,Teresa,,1/3/1992,3:47 PM,63103,11.378,False,Finance
615,10804,HR,Junior Software Developer,Eric,Male,11/12/2004,9:16 PM,65168,11.513,False,Distribution
616,10805,IT,Project Lead,Edward,Male,8/30/2001,1:24 AM,73105,6.083,True,Engineering
617,10806,DEVELOPMENT,Lead Analyst,Kimberly,Female,12/6/1986,2:23 PM,37916,12.929,True,Distribution
618,10807,DEVELOPMENT,Project Lead,Kathy,Female,1/14/2001,5:11 AM,45682,1.451,True,Marketing
619,10808,DEVELOPMENT,Lead Analyst,Peter,Male,11/24/1992,5:43 PM,69297,1.268,False,Finance
620,10809,DEVELOPMENT,Project Manager,Beverly,Female,10/22/1990,2:45 PM,59070,19.064,True,Engineering
621,10810,IT,Junior Software Developer,Ralph,Male,3/7/2012,2:25 AM,81215,8.4,False,Finance
622,10811,HR,Lead Analyst,Justin,Male,8/10/1997,11:00 PM,128036,18.824,False,Client Services
623,10812,IT,Junior Software Developer,Irene,Female,6/23/2005,11:03 AM,89780,8.999,True,Sales
624,10813,IT,IT Admin,Irene,Female,11/29/2006,2:14 PM,125018,9.601,True,Legal
625,10814,DEVELOPMENT,Lead Analyst,Jeremy,Male,11/26/1997,8:22 AM,133033,12.2,False,Sales
626,10815,DEVELOPMENT,Senior Software Developer,Cynthia,Female,6/29/2015,6:38 AM,82408,8.701,True,Marketing
627,10816,IT,Junior Software Developer,,Female,4/13/1997,8:03 AM,131755,2.93,,
628,10817,IT,Project Lead,Anne,Female,11/21/1984,12:30 PM,128305,16.636,False,Marketing
629,10818,IT,IT Admin,,,9/2/1988,12:49 PM,147309,1.702,,Distribution
630,10819,IT,Project Lead,Debra,Female,3/12/1983,12:19 PM,74911,19.513,False,Marketing
631,10820,DEVELOPMENT,Lead Analyst,Michael,Male,7/13/1988,1:48 PM,47079,2.617,False,Legal
632,10821,IT,Project Lead,Jason,,3/6/2008,1:20 AM,82873,1.869,False,Client Services
633,10822,DEVELOPMENT,Junior Software Developer,Rebecca,Female,2/23/1990,3:21 PM,134673,6.878,False,Engineering
634,10823,HR,Senior Software Developer,Andrea,Female,11/17/2011,2:37 PM,123591,6.5,True,Engineering
635,10824,DEVELOPMENT,Senior Software Developer,Carl,Male,3/30/1987,5:59 PM,75598,19.289,False,
636,10825,DEVELOPMENT,Project Lead,Randy,Male,9/27/2000,3:04 AM,89831,13.047,True,
637,10826,DEVELOPMENT,Project Manager,Marilyn,Female,7/2/1984,4:06 PM,92430,2.924,False,Engineering
638,10827,HR,Junior Software Developer,Wayne,Male,9/2/2009,1:37 AM,126956,18.396,False,Human Resources
639,10828,IT,IT Admin,Frances,Female,11/12/1996,6:08 PM,112467,1.433,False,Business Development
640,10829,IT,Project Lead,Amanda,,8/11/1991,2:15 PM,46665,19.391,True,Client Services
641,10830,IT,Project Lead,Kathleen,Female,8/28/2004,10:49 AM,42553,3.756,True,Distribution
642,10831,IT,Project Manager,Amanda,Female,1/25/1995,5:06 AM,102081,5.203,False,Sales
643,10832,DEVELOPMENT,IT Admin,Amanda,,3/16/2010,9:17 AM,135118,15.108,False,Finance
644,10833,HR,Lead Analyst,Shawn,Male,9/29/1987,10:11 PM,71975,9.77,False,Human Resources
645,10834,DEVELOPMENT,Lead Analyst,Katherine,Female,8/13/1996,12:21 AM,149908,18.912,False,Finance
646,10835,IT,Lead Analyst,Anna,,3/13/1985,9:19 AM,45418,10.162,False,Marketing
647,10836,HR,Senior Software Developer,Elizabeth,Female,2/21/2010,7:02 AM,79145,19.78,False,Finance
648,10837,HR,Lead Analyst,Donald,Male,4/6/1988,10:00 AM,122920,5.32,False,
649,10838,DEVELOPMENT,Project Manager,Gregory,Male,11/15/1999,5:22 PM,128031,15.857,True,Business Development
650,10839,IT,Junior Software Developer,Ruth,Female,2/17/2004,5:38 AM,59969,14.064,True,Finance
651,10840,DEVELOPMENT,Junior Software Developer,Cynthia,Female,7/5/1986,1:24 AM,35381,11.749,False,Finance
652,10841,DEVELOPMENT,Project Manager,Deborah,Female,11/21/1985,1:40 PM,113129,17.371,False,Client Services
653,10842,HR,Senior Software Developer,Willie,Male,12/5/2009,5:39 AM,141932,1.017,True,Engineering
654,10843,IT,Junior Software Developer,Debra,Female,5/28/2006,6:51 AM,42296,16.922,False,Product
655,10844,IT,Project Lead,Carl,Male,12/14/1984,8:49 PM,63395,11.411,False,Legal
656,10845,HR,Senior Software Developer,Walter,Male,9/24/2007,11:16 PM,125382,13.613,True,Client Services
657,10846,DEVELOPMENT,Senior Software Developer,Lisa,Female,2/9/1982,6:44 PM,113592,17.108,True,Marketing
658,10847,DEVELOPMENT,Project Lead,Rebecca,Female,3/5/2000,10:33 AM,46750,11.367,True,Sales
659,10848,DEVELOPMENT,Lead Analyst,Jessica,Female,10/19/1986,9:58 PM,90285,13.591,True,Client Services
660,10849,IT,Junior Software Developer,Steve,,8/27/2009,3:41 PM,53692,4.785,True,Marketing
661,10850,HR,Lead Analyst,Mary,,12/24/1986,7:02 PM,100341,6.662,False,Distribution
662,10851,DEVELOPMENT,Lead Analyst,Craig,Male,8/21/1995,2:38 AM,123876,4.225,False,Engineering
663,10852,DEVELOPMENT,Junior Software Developer,Katherine,Female,12/19/2000,1:40 AM,41643,4.659,True,Distribution
664,10853,DEVELOPMENT,Lead Analyst,Andrea,Female,8/31/1989,11:10 PM,113760,12.866,True,Distribution
665,10854,DEVELOPMENT,Junior Software Developer,Timothy,Male,10/6/2010,10:49 PM,49473,12.463,False,Legal
666,10855,HR,Junior Software Developer,Anthony,Male,2/13/2013,1:35 PM,146141,3.645,True,Distribution
667,10856,DEVELOPMENT,Project Lead,Harold,,2/4/2004,11:02 AM,79459,7.776,True,Business Development
668,10857,IT,Project Manager,Douglas,,2/4/2009,2:03 AM,104496,14.771,True,Marketing
669,10858,HR,Project Manager,James,Male,12/5/2001,7:06 AM,67789,17.105,True,Legal
670,10859,DEVELOPMENT,Lead Analyst,Joseph,,3/28/1982,1:05 PM,86564,11.879,True,
671,10860,DEVELOPMENT,Junior Software Developer,Martha,Female,9/14/2001,3:22 AM,135758,14.782,True,Client Services
672,10861,DEVELOPMENT,Junior Software Developer,Laura,Female,7/12/2000,6:07 PM,84672,3.96,False,Distribution
673,10862,HR,Senior Software Developer,Robert,Male,11/5/1982,12:41 PM,111580,10.982,False,Human Resources
674,10863,HR,Senior Software Developer,Ralph,Male,3/24/1996,11:54 AM,50455,16.248,False,Business Development
675,10864,HR,Junior Software Developer,,Male,8/28/2012,7:56 PM,88733,1.932,,Human Resources
676,10865,IT,Junior Software Developer,Diane,Female,10/30/2009,6:56 PM,130577,12.791,False,Marketing
677,10866,HR,Senior Software Developer,Annie,Female,6/6/1992,10:04 AM,138925,9.801,True,Marketing
678,10867,IT,Project Manager,Jacqueline,Female,9/20/1994,6:07 PM,62371,15.77,True,Client Services
679,10868,HR,Lead Analyst,Brenda,Female,4/17/1984,7:12 AM,87715,2.675,False,Product
680,10869,HR,Project Manager,Lori,Female,9/11/2002,7:36 AM,66029,3.345,True,Client Services
681,10870,IT,Junior Software Developer,Albert,Male,6/17/1992,3:25 AM,86818,14.301,True,Engineering
682,10871,HR,Project Lead,Frank,Male,11/23/2002,6:10 PM,75147,17.398,False,Product
683,10872,DEVELOPMENT,Project Manager,Deborah,Female,4/23/2000,6:55 PM,105573,5.268,True,Product
684,10873,DEVELOPMENT,IT Admin,Robin,,12/20/2005,2:42 PM,41230,6.611,True,Distribution
685,10874,HR,Project Lead,Alice,Female,1/21/2016,5:07 PM,117787,10.485,False,
686,10875,HR,Junior Software Developer,,Male,10/20/1989,9:37 AM,88086,19.387,,Finance
687,10876,HR,Project Lead,Paul,,2/18/2011,12:23 PM,91462,18.704,False,Finance
688,10877,DEVELOPMENT,Lead Analyst,,Male,12/27/1996,7:07 AM,139959,8.992,,Distribution
689,10878,HR,IT Admin,Brian,Male,4/7/2007,10:47 PM,93901,17.821,True,Legal
690,10879,DEVELOPMENT,Lead Analyst,Julie,,5/8/1980,6:31 AM,50529,17.263,False,Finance
691,10880,HR,Project Lead,Bruce,Male,1/28/2007,11:10 PM,134988,13.926,True,Sales
692,10881,DEVELOPMENT,Senior Software Developer,Joan,Female,10/2/2007,2:53 AM,120941,3.694,True,Finance
693,10882,DEVELOPMENT,Lead Analyst,Harold,Male,5/15/2007,6:37 PM,118753,8.162,False,Sales
694,10883,IT,Senior Software Developer,Alice,Female,10/16/1995,9:19 PM,92799,2.782,False,Sales
695,10884,HR,Junior Software Developer,Barbara,Female,11/12/2011,12:35 AM,85718,13.326,False,Client Services
696,10885,IT,Project Lead,Sarah,Female,4/6/1999,11:17 AM,109517,5.146,False,Human Resources
697,10886,IT,Lead Analyst,Samuel,Male,5/25/2012,4:40 PM,85550,11.593,True,Marketing
698,10887,HR,IT Admin,,Male,5/23/1990,2:09 AM,136655,9.801,,Distribution
699,10888,HR,Project Manager,Barbara,,8/2/2002,5:13 AM,43312,8.218,True,Legal
700,10889,DEVELOPMENT,Project Manager,Amy,,5/19/1984,11:47 AM,102839,10.385,True,Distribution
701,10890,IT,Senior Software Developer,Frank,Male,3/2/2009,9:15 PM,78891,7.927,True,Distribution
702,10891,HR,IT Admin,Robin,,9/16/2005,1:26 AM,93201,11.712,True,Legal
703,10892,IT,Project Lead,Debra,Female,3/17/2011,1:12 PM,84693,6.976,True,Finance
704,10893,HR,Project Lead,Brandon,,5/31/2004,3:36 PM,73587,9.769,True,Human Resources
705,10894,HR,Senior Software Developer,Thomas,Male,9/7/1991,9:51 AM,65251,11.211,False,Distribution
706,10895,HR,IT Admin,Harry,Male,9/23/2015,1:36 AM,129148,15.193,True,Engineering
707,10896,IT,Project Manager,Todd,Male,7/4/1993,6:53 PM,128175,18.473,True,
708,10897,IT,Lead Analyst,Patricia,Female,3/7/1998,1:10 AM,75825,7.839,False,Engineering
709,10898,DEVELOPMENT,Senior Software Developer,Steve,Male,1/11/2002,9:17 PM,51821,1.197,True,Legal
710,10899,HR,Senior Software Developer,,Male,4/7/1995,4:32 AM,60411,12.048,,Human Resources
711,10900,IT,Lead Analyst,Edward,Male,11/27/1997,1:00 AM,58327,17.095,True,Finance
712,10901,HR,Junior Software Developer,Karen,Female,1/9/2014,10:09 PM,46478,16.552,False,Engineering
713,10902,DEVELOPMENT,IT Admin,Martin,,2/6/2001,4:17 AM,123963,15.745,True,Engineering
714,10903,DEVELOPMENT,Project Lead,Ann,Female,9/28/1994,5:44 AM,79796,9.851,False,Distribution
715,10904,HR,Project Manager,Jonathan,Male,7/30/1984,6:02 PM,83809,12.922,False,Distribution
716,10905,HR,Junior Software Developer,Peter,Male,3/22/1982,7:28 AM,77933,13.132,True,Engineering
717,10906,DEVELOPMENT,Project Lead,Eric,Male,6/15/1993,3:56 AM,51070,13.806,True,Business Development
718,10907,HR,Junior Software Developer,Jason,,4/15/1988,8:16 PM,97480,11.518,False,Human Resources
719,10908,HR,IT Admin,Terry,Male,10/21/2010,11:18 PM,58357,7.969,False,Engineering
720,10909,HR,Lead Analyst,John,Male,1/29/1999,3:07 AM,67165,13.001,False,Engineering
721,10910,DEVELOPMENT,Lead Analyst,Marie,Female,4/8/1983,2:01 PM,145988,18.685,True,Human Resources
722,10911,DEVELOPMENT,IT Admin,Harold,Male,4/16/2010,5:13 AM,147417,11.626,True,Business Development
723,10912,IT,Senior Software Developer,Joshua,Male,6/27/1997,3:23 PM,95003,5.197,True,Marketing
724,10913,DEVELOPMENT,Senior Software Developer,Brandon,,9/5/1992,2:32 AM,144187,11.416,True,Legal
725,10914,DEVELOPMENT,Project Lead,Andrea,Female,12/10/2001,6:40 AM,37888,13.47,False,Engineering
726,10915,IT,Project Manager,Jeremy,Male,5/19/1991,1:40 PM,131513,1.876,True,Finance
727,10916,HR,Project Manager,Daniel,Male,2/29/2016,4:04 AM,77287,13.0,True,
728,10917,IT,Project Manager,Roy,Male,5/10/2004,1:22 PM,46875,12.942,True,Sales
729,10918,IT,Senior Software Developer,Dorothy,Female,10/8/2008,12:22 AM,82744,19.111,True,Client Services
730,10919,IT,Project Lead,Steven,Male,9/7/1986,12:32 AM,43252,18.892,False,Client Services
731,10920,DEVELOPMENT,Project Lead,Nicole,Female,4/26/2009,12:40 AM,66047,18.674,True,Marketing
732,10921,HR,Project Lead,Ann,Female,7/16/2001,9:27 AM,118431,12.772,True,Finance
733,10922,DEVELOPMENT,IT Admin,Henry,Male,5/12/1986,2:04 AM,59943,1.432,False,Finance
734,10923,HR,Junior Software Developer,,Male,6/17/2009,1:00 PM,136681,3.655,,Business Development
735,10924,DEVELOPMENT,Project Lead,,Female,12/18/1994,8:42 PM,138807,1.4,,Human Resources
736,10925,HR,Project Manager,Barbara,Female,11/26/2002,5:32 AM,82884,6.837,True,Business Development
737,10926,IT,Project Lead,Judy,Female,4/5/2011,1:44 AM,48668,11.716,True,Product
738,10927,DEVELOPMENT,Lead Analyst,Lawrence,Male,7/23/2011,3:41 AM,122971,14.618,False,Product
739,10928,IT,Project Manager,Joseph,Male,10/10/2010,11:12 PM,107050,12.737,False,Business Development
740,10929,HR,Lead Analyst,Carlos,Male,1/25/1981,10:00 AM,138598,14.737,False,Sales
741,10930,HR,Project Lead,Russell,,5/9/2009,11:59 AM,149456,3.533,False,Marketing
742,10931,DEVELOPMENT,IT Admin,Jane,Female,7/10/1999,7:02 PM,128540,15.941,False,Legal
743,10932,IT,Project Lead,Martin,Male,2/25/2016,6:29 PM,61117,2.844,False,Client Services
744,10933,DEVELOPMENT,Junior Software Developer,Steven,Male,5/30/1980,8:25 PM,100949,13.813,True,Human Resources
745,10934,DEVELOPMENT,Junior Software Developer,Judy,,7/15/2011,3:38 PM,46829,5.19,True,Finance
746,10935,DEVELOPMENT,Lead Analyst,James,Male,2/16/2008,2:49 AM,69111,14.625,True,Business Development
747,10936,IT,Lead Analyst,Gloria,Female,8/19/2004,10:31 AM,46602,1.027,True,Business Development
748,10937,IT,Project Manager,Ernest,Male,6/30/2001,1:46 PM,61181,16.559,False,Business Development
749,10938,HR,Project Manager,Martha,Female,7/17/1997,11:11 PM,94963,19.626,True,Business Development
750,10939,DEVELOPMENT,Lead Analyst,Janet,,1/25/1986,5:48 AM,85789,9.712,False,Legal
751,10940,DEVELOPMENT,IT Admin,Louis,,2/5/1983,6:39 PM,145274,16.379,False,Product
752,10941,DEVELOPMENT,Lead Analyst,Tina,Female,8/6/1999,3:18 AM,102841,3.369,False,Client Services
753,10942,DEVELOPMENT,Lead Analyst,Henry,Male,2/23/2007,3:24 AM,49665,18.338,False,Business Development
754,10943,HR,Senior Software Developer,Antonio,Male,6/6/1999,10:54 PM,41928,5.478,True,
755,10944,IT,Project Manager,Lisa,Female,4/11/2007,1:04 AM,128042,2.03,True,Legal
756,10945,HR,Project Lead,Denise,Female,2/19/1984,6:22 AM,86150,3.997,False,Client Services
757,10946,IT,Project Manager,Stephen,Male,10/21/1984,6:26 AM,121816,10.615,True,Distribution
758,10947,HR,Lead Analyst,Benjamin,Male,4/12/1988,11:32 PM,123409,7.783,False,Product
759,10948,HR,Junior Software Developer,Carl,,8/18/2007,8:01 AM,98295,7.617,True,Legal
760,10949,DEVELOPMENT,Project Manager,Ruth,Female,9/2/1980,6:52 AM,59678,10.895,False,Distribution
761,10950,IT,Junior Software Developer,Shawn,Male,12/29/2006,3:05 AM,57871,4.02,True,Human Resources
762,10951,DEVELOPMENT,Project Manager,Jennifer,Female,3/31/2015,7:43 PM,132084,10.006,True,Engineering
763,10952,HR,Project Lead,Terry,Male,11/10/2004,4:33 AM,35633,3.947,True,Distribution
764,10953,DEVELOPMENT,Lead Analyst,Jacqueline,Female,7/27/2008,12:08 PM,125298,3.019,True,Legal
765,10954,DEVELOPMENT,Junior Software Developer,Roger,Male,5/2/1988,10:04 PM,115582,15.343,True,Sales
766,10955,IT,IT Admin,Alice,,4/23/1995,6:35 AM,148339,11.479,True,Finance
767,10956,HR,Lead Analyst,Justin,Male,7/25/1991,12:45 AM,112975,9.699,False,Human Resources
768,10957,DEVELOPMENT,Project Manager,Janet,Female,7/12/2008,12:10 PM,36927,18.769,False,Client Services
769,10958,DEVELOPMENT,Junior Software Developer,Robin,Female,3/26/2004,5:41 PM,70248,9.66,True,Sales
770,10959,HR,Lead Analyst,Samuel,,10/7/2002,3:08 AM,141305,9.849,True,Marketing
771,10960,HR,Project Lead,Katherine,Female,9/22/2006,8:08 PM,72002,13.178,True,Product
772,10961,IT,Project Manager,Peter,Male,5/22/1991,1:39 AM,102577,12.026,True,Product
773,10962,IT,Lead Analyst,Lillian,Female,8/14/2009,5:41 AM,113554,18.018,True,Business Development
774,10963,DEVELOPMENT,Project Manager,,Male,10/24/1986,9:23 AM,47176,10.736,,Finance
775,10964,HR,Project Manager,,Female,6/18/2000,7:36 AM,106428,10.867,,
776,10965,HR,Lead Analyst,Rose,Female,11/3/1999,9:06 AM,75181,6.06,True,Finance
777,10966,IT,Project Lead,Bobby,Male,9/30/2004,10:52 PM,79047,18.784,False,Human Resources
778,10967,HR,Lead Analyst,Kimberly,Female,4/20/1986,3:55 PM,52970,4.513,False,Sales
779,10968,DEVELOPMENT,Lead Analyst,Antonio,Male,12/28/2003,4:17 AM,137979,5.266,False,Distribution
780,10969,DEVELOPMENT,Junior Software Developer,Doris,Female,9/8/1984,7:03 PM,114360,17.799,True,Business Development
781,10970,IT,Project Lead,Steven,Male,7/5/2009,4:55 AM,110306,16.843,True,Human Resources
782,10971,IT,Project Lead,Lawrence,Male,7/3/1995,10:55 PM,46378,9.127,False,
783,10972,HR,IT Admin,,Male,5/6/1986,4:41 PM,74104,17.68,,Client Services
784,10973,DEVELOPMENT,Project Lead,,,4/15/1991,3:39 AM,132505,13.592,,Product
785,10974,HR,Lead Analyst,Stephanie,Female,9/14/1982,8:14 AM,96649,3.453,False,Sales
786,10975,DEVELOPMENT,IT Admin,,Female,7/24/1982,12:00 AM,57811,8.941,,Marketing
787,10976,HR,IT Admin,Sandra,Female,9/7/1989,4:17 PM,111468,2.58,True,Product
788,10977,DEVELOPMENT,Project Manager,Kevin,Male,7/1/2005,3:22 PM,141498,4.135,True,Sales
789,10978,DEVELOPMENT,Project Manager,Michelle,,3/31/2012,6:28 AM,124441,16.353,False,Business Development
790,10979,IT,IT Admin,Lisa,Female,7/8/2000,9:19 PM,40121,6.293,False,Product
791,10980,HR,Project Lead,Fred,Male,3/3/1989,2:27 AM,129712,11.058,False,Finance
792,10981,DEVELOPMENT,Lead Analyst,Joseph,Male,11/4/1982,9:46 PM,126010,19.601,False,Legal
793,10982,DEVELOPMENT,Project Manager,Anne,,4/18/1996,11:57 PM,122762,9.564,False,Distribution
794,10983,IT,Lead Analyst,Andrea,Female,7/22/1999,9:25 AM,149105,13.707,True,Distribution
795,10984,HR,Project Manager,Nicole,Female,3/1/2004,5:17 PM,44021,10.286,False,
796,10985,HR,Project Lead,Theresa,,10/7/1995,10:16 AM,42025,3.319,True,Human Resources
797,10986,IT,Senior Software Developer,Catherine,Female,8/31/1986,6:20 PM,59970,12.801,False,Client Services
798,10987,IT,Senior Software Developer,Rose,Female,12/31/1982,6:50 PM,145001,19.85,False,Engineering
799,10988,IT,Project Manager,Lawrence,Male,10/1/1984,2:06 PM,102589,17.952,True,Marketing
800,10989,IT,Junior Software Developer,Raymond,Male,12/12/1986,12:18 PM,47529,2.712,True,Product
801,10990,HR,IT Admin,Clarence,Male,8/5/1989,6:11 PM,148941,11.517,False,Product
802,10991,DEVELOPMENT,Lead Analyst,Ryan,Male,4/15/1988,5:18 AM,91109,17.499,True,Human Resources
803,10992,IT,IT Admin,Jane,Female,1/12/1992,1:23 PM,51923,13.623,False,Business Development
804,10993,IT,Lead Analyst,Lois,Female,7/28/2012,11:39 AM,53954,19.075,False,Product
805,10994,DEVELOPMENT,Lead Analyst,Shawn,Male,3/17/2008,2:12 PM,39335,10.664,False,Distribution
806,10995,HR,Lead Analyst,Thomas,Male,5/3/1990,9:29 AM,111371,15.081,True,Engineering
807,10996,DEVELOPMENT,Junior Software Developer,Kathryn,Female,1/29/2008,12:29 AM,86676,6.081,False,Sales
808,10997,DEVELOPMENT,Project Manager,Mary,Female,11/6/2011,8:32 AM,115057,2.089,False,Finance
809,10998,IT,IT Admin,Julie,Female,3/8/1980,5:13 AM,145357,3.459,False,Engineering
810,10999,DEVELOPMENT,Junior Software Developer,George,Male,9/27/1995,5:04 PM,36749,19.754,False,Finance
811,11000,DEVELOPMENT,Lead Analyst,Ralph,Male,2/10/2000,4:48 PM,89854,7.227,False,Business Development
812,11001,HR,Project Lead,Judith,Female,9/3/1989,11:16 AM,134048,6.818,True,Marketing
813,11002,DEVELOPMENT,IT Admin,,Male,12/13/1994,10:34 AM,141311,5.478,,Product
814,11003,DEVELOPMENT,Lead Analyst,Evelyn,Female,2/10/2002,4:44 AM,123621,19.767,True,Marketing
815,11004,IT,Lead Analyst,Rachel,Female,6/23/2011,12:52 AM,54941,3.221,True,Distribution
816,11005,DEVELOPMENT,Project Lead,Maria,,1/18/1986,8:36 PM,106562,4.0,False,Human Resources
817,11006,IT,Senior Software Developer,Kelly,Female,3/17/2007,6:20 PM,39371,4.068,False,Engineering
818,11007,HR,Senior Software Developer,Ruby,Female,5/31/2008,8:41 PM,83112,4.083,False,Marketing
819,11008,IT,Senior Software Developer,Ann,Female,10/3/1980,1:08 AM,96941,10.048,True,Distribution
820,11009,IT,Lead Analyst,Kenneth,Male,12/14/1985,6:55 AM,47232,17.862,True,Legal
821,11010,DEVELOPMENT,Senior Software Developer,William,Male,11/18/1993,12:27 PM,54058,5.182,True,Human Resources
822,11011,HR,Lead Analyst,,Female,12/27/1980,2:27 AM,80399,12.254,,Distribution
823,11012,HR,Lead Analyst,Deborah,Female,2/26/2009,10:17 AM,118043,7.266,True,Business Development
824,11013,DEVELOPMENT,Project Manager,,Male,11/12/2009,2:30 PM,109411,9.494,,Engineering
825,11014,IT,Project Lead,Julia,Female,8/18/2014,3:12 AM,97566,2.147,False,Marketing
826,11015,DEVELOPMENT,Junior Software Developer,Robert,,12/4/2000,1:20 AM,69267,5.89,True,Sales
827,11016,IT,Senior Software Developer,,,8/1/1988,1:35 AM,87103,5.665,,
828,11017,IT,Junior Software Developer,Jesse,,7/16/2014,2:24 AM,98811,7.487,False,Legal
829,11018,DEVELOPMENT,Junior Software Developer,Cynthia,Female,7/12/2006,8:55 AM,149684,7.864,False,Product
830,11019,DEVELOPMENT,Senior Software Developer,Johnny,Male,1/14/2007,2:54 PM,71383,2.097,True,Human Resources
831,11020,IT,Project Manager,Michael,Male,8/31/2002,1:20 AM,81206,19.908,True,Distribution
832,11021,DEVELOPMENT,Project Lead,Kenneth,Male,1/15/2015,2:41 PM,69112,7.588,True,Finance
833,11022,HR,Project Lead,Keith,Male,2/12/2003,3:02 PM,120672,19.467,False,Legal
834,11023,IT,IT Admin,Gerald,Male,5/28/2010,12:26 PM,96511,9.331,False,Human Resources
835,11024,HR,Junior Software Developer,Carl,,2/11/1982,7:54 AM,49325,2.071,True,Business Development
836,11025,HR,Lead Analyst,Douglas,Male,8/4/2007,5:23 AM,132175,2.28,False,Engineering
837,11026,IT,IT Admin,Carolyn,Female,3/17/2004,6:38 AM,118037,13.492,False,Finance
838,11027,DEVELOPMENT,Lead Analyst,Joseph,Male,5/23/1985,10:16 PM,139570,15.804,True,Finance
839,11028,IT,Junior Software Developer,Billy,Male,4/6/2000,3:14 PM,115280,9.153,False,Distribution
840,11029,IT,IT Admin,Joyce,Female,7/25/2001,6:04 AM,51065,16.807,False,Human Resources
841,11030,HR,IT Admin,Lillian,Female,8/26/2002,8:53 AM,103854,4.924,True,Distribution
842,11031,HR,Lead Analyst,Ruby,Female,8/13/2006,6:27 PM,48354,19.501,False,Business Development
843,11032,IT,Project Lead,Sandra,Female,2/7/1998,12:39 PM,132327,19.264,False,Product
844,11033,DEVELOPMENT,Project Manager,Louise,Female,2/26/1982,1:03 AM,106362,8.965,False,Sales
845,11034,IT,Senior Software Developer,Maria,,6/19/1985,1:48 AM,148857,8.738,False,Legal
846,11035,HR,Project Lead,Brenda,Female,1/3/1981,6:01 PM,131131,11.682,False,Client Services
847,11036,HR,Senior Software Developer,Stephen,Male,9/10/1990,10:42 PM,129663,15.574,False,Human Resources
848,11037,IT,Project Lead,Nicole,,5/2/1981,12:03 PM,41449,4.707,False,Finance
849,11038,DEVELOPMENT,Project Manager,Bobby,Male,6/5/1984,7:40 AM,93368,2.88,True,Product
850,11039,DEVELOPMENT,Project Manager,Ernest,Male,9/6/1997,2:02 PM,53335,9.192,False,Product
851,11040,HR,Junior Software Developer,Charles,Male,9/3/1997,10:04 AM,148291,6.002,False,
852,11041,HR,Lead Analyst,Bobby,Male,8/19/1996,1:16 AM,147842,16.158,True,
853,11042,HR,Project Manager,Diana,Female,11/19/2004,8:47 AM,105066,17.343,True,Business Development
854,11043,IT,IT Admin,Mildred,Female,4/6/2007,10:06 PM,139284,11.39,True,
855,11044,IT,Project Manager,Harry,Male,2/10/1985,7:46 PM,63046,10.411,False,Finance
856,11045,DEVELOPMENT,Project Lead,Phillip,,10/20/2003,11:09 AM,89700,2.277,True,
857,11046,DEVELOPMENT,Project Lead,Bonnie,,1/18/2006,6:52 PM,108946,12.211,False,Finance
858,11047,HR,Junior Software Developer,Marie,Female,12/8/1993,6:28 PM,98406,7.943,True,Product
859,11048,IT,Lead Analyst,Sean,Male,4/25/2006,4:51 PM,108581,9.634,False,Human Resources
860,11049,IT,IT Admin,Robin,Female,10/1/2012,2:44 AM,41808,19.239,False,Business Development
861,11050,IT,Senior Software Developer,Phillip,Male,10/7/1984,11:05 AM,36837,14.66,False,Marketing
862,11051,HR,Project Manager,Jerry,Male,3/26/1989,4:15 AM,140850,18.855,False,Finance
863,11052,DEVELOPMENT,Project Manager,Ronald,Male,5/25/1983,10:05 AM,50426,18.536,True,Sales
864,11053,DEVELOPMENT,Lead Analyst,Phillip,Male,5/15/1984,6:15 AM,134120,6.842,False,Human Resources
865,11054,HR,Junior Software Developer,Ryan,Male,11/16/2012,1:47 PM,57292,6.01,False,
866,11055,DEVELOPMENT,Junior Software Developer,Karen,Female,8/29/1997,4:56 PM,80633,16.306,False,Legal
867,11056,IT,Project Manager,Bonnie,Female,8/25/2004,2:17 AM,131943,14.249,False,Client Services
868,11057,IT,Senior Software Developer,Earl,Male,6/15/2013,3:00 AM,48046,7.737,False,Marketing
869,11058,DEVELOPMENT,IT Admin,Katherine,Female,8/18/2013,3:58 PM,97443,13.657,False,Product
870,11059,HR,IT Admin,Matthew,Male,8/3/1995,5:39 AM,135352,7.986,True,Business Development
871,11060,HR,Senior Software Developer,Cynthia,,11/19/1996,10:40 PM,107816,18.751,False,Marketing
872,11061,HR,Project Lead,Gerald,Male,3/29/2003,10:37 AM,96329,2.469,True,Engineering
873,11062,IT,Junior Software Developer,Brenda,Female,1/18/2015,4:39 PM,73749,19.332,False,Business Development
874,11063,DEVELOPMENT,Senior Software Developer,Jason,Male,5/1/1998,6:05 PM,75607,4.299,True,Sales
875,11064,IT,Project Manager,Melissa,Female,9/8/1994,4:11 AM,98858,3.525,True,Human Resources
876,11065,DEVELOPMENT,Lead Analyst,Beverly,Female,4/11/1998,2:27 PM,76485,9.212,True,Engineering
877,11066,DEVELOPMENT,Project Lead,Terry,,9/11/1992,4:41 PM,41238,8.219,False,Marketing
878,11067,DEVELOPMENT,IT Admin,,Male,9/5/1980,7:36 AM,114896,13.823,,Client Services
879,11068,DEVELOPMENT,Lead Analyst,Jacqueline,Female,5/25/2003,7:13 PM,125418,8.064,False,Distribution
880,11069,IT,Project Manager,Amy,Female,5/20/2009,6:26 AM,75415,19.132,False,Client Services
881,11070,HR,Junior Software Developer,Robert,,5/25/2007,3:17 AM,90998,8.382,False,Finance
882,11071,DEVELOPMENT,Project Lead,Ruby,Female,1/28/1980,11:08 PM,142868,6.318,False,Marketing
883,11072,DEVELOPMENT,Project Lead,Sara,,11/18/2014,2:47 PM,135990,14.344,True,Distribution
884,11073,DEVELOPMENT,Project Lead,Kathryn,Female,10/27/1995,3:39 PM,57300,18.015,False,Marketing
885,11074,HR,Lead Analyst,Lisa,Female,10/17/2003,1:42 PM,73706,18.53,False,Finance
886,11075,IT,Project Manager,Juan,Male,10/6/1993,8:52 AM,85871,9.16,False,Product
887,11076,DEVELOPMENT,IT Admin,Anthony,Male,1/30/2014,9:04 PM,96795,14.837,False,Sales
888,11077,IT,Lead Analyst,David,Male,12/5/2009,8:48 AM,92242,15.407,False,Legal
889,11078,DEVELOPMENT,Lead Analyst,Marilyn,Female,10/8/2007,12:32 AM,115149,11.934,True,Legal
890,11079,HR,Senior Software Developer,Margaret,Female,1/4/2001,3:07 AM,126924,1.552,True,Finance
891,11080,DEVELOPMENT,Lead Analyst,,Male,11/24/2015,3:11 AM,145329,7.1,,Finance
892,11081,IT,IT Admin,Timothy,Male,8/25/1991,10:37 AM,92587,8.475,False,Finance
893,11082,HR,Lead Analyst,Brandon,Male,10/23/1995,12:04 PM,60263,2.709,False,Sales
894,11083,DEVELOPMENT,Project Manager,Frank,Male,7/27/2013,4:32 PM,91406,5.681,True,Business Development
895,11084,DEVELOPMENT,Lead Analyst,Betty,Female,11/19/2002,10:40 AM,37005,7.645,True,Marketing
896,11085,DEVELOPMENT,Lead Analyst,Janice,,11/19/1991,6:02 PM,139791,16.968,False,Business Development
897,11086,DEVELOPMENT,Project Lead,Victor,Male,3/10/2010,5:01 PM,45267,3.942,True,Sales
898,11087,HR,Project Lead,Kenneth,,2/28/1994,10:10 AM,95296,10.146,False,Finance
899,11088,IT,Project Manager,Jane,Female,4/27/2012,2:12 PM,59680,15.211,True,Business Development
900,11089,DEVELOPMENT,Project Manager,Walter,Male,5/21/1992,12:39 AM,144701,16.323,True,Marketing
901,11090,IT,Senior Software Developer,Christina,Female,6/23/2002,3:18 PM,35477,18.178,False,Human Resources
902,11091,IT,Project Lead,Patricia,Female,10/10/1995,4:52 PM,119266,6.911,False,Distribution
903,11092,IT,IT Admin,,Male,5/23/2001,7:52 PM,103877,6.322,,Distribution
904,11093,DEVELOPMENT,Senior Software Developer,Heather,Female,7/29/1983,10:48 AM,47605,14.955,True,Human Resources
905,11094,DEVELOPMENT,Senior Software Developer,Stephanie,Female,6/26/1988,5:48 AM,136604,6.16,True,Human Resources
906,11095,HR,Project Manager,Alice,Female,2/9/2013,12:49 AM,121250,4.363,True,Finance
907,11096,IT,Lead Analyst,Frances,Female,5/16/2014,8:31 AM,35884,17.667,False,Sales
908,11097,DEVELOPMENT,Senior Software Developer,Elizabeth,Female,7/27/1998,11:12 AM,137144,10.081,False,Finance
909,11098,IT,IT Admin,Janice,Female,12/17/2009,6:42 AM,102697,3.283,False,Engineering
910,11099,HR,IT Admin,Donald,Male,8/1/1991,2:25 AM,61999,6.466,False,Product
911,11100,HR,IT Admin,Melissa,Female,10/22/2002,1:20 AM,45223,8.879,True,Legal
912,11101,DEVELOPMENT,Junior Software Developer,Carl,Male,7/7/2010,1:33 PM,54033,15.528,True,Business Development
913,11102,IT,Project Lead,Joe,Male,12/8/1998,10:28 AM,126120,1.02,False,
914,11103,IT,Project Manager,Lois,Female,12/11/2015,4:10 PM,99747,6.168,False,Marketing
915,11104,HR,Lead Analyst,Ann,Female,9/28/2001,6:37 AM,71958,5.272,True,Distribution
916,11105,IT,IT Admin,Todd,Male,1/4/1983,12:34 PM,115566,6.716,True,Client Services
917,11106,HR,Junior Software Developer,Marilyn,Female,1/16/1996,7:18 AM,118369,7.696,True,Business Development
918,11107,DEVELOPMENT,Junior Software Developer,Shawn,Male,3/13/2008,5:36 PM,51667,6.339,False,Product
919,11108,IT,Junior Software Developer,Ryan,Male,4/27/1999,3:41 AM,85858,19.475,False,Client Services
920,11109,HR,Junior Software Developer,Sean,Male,3/21/2009,11:38 AM,131423,8.957,False,Distribution
921,11110,DEVELOPMENT,Lead Analyst,Rose,Female,1/2/2002,9:14 PM,49538,9.828,False,Client Services
922,11111,DEVELOPMENT,Junior Software Developer,George,Male,6/5/2015,5:40 AM,50369,18.9,True,Sales
923,11112,HR,Project Lead,Arthur,Male,12/5/2013,8:44 AM,86615,3.412,True,Business Development
924,11113,HR,IT Admin,Irene,,2/28/1991,10:23 PM,135369,4.38,False,Business Development
925,11114,IT,IT Admin,Deborah,Female,11/11/2003,4:53 PM,60003,9.624,False,Client Services
926,11115,DEVELOPMENT,Project Manager,,Female,8/23/2000,4:19 PM,95866,19.388,,Sales
927,11116,DEVELOPMENT,Project Manager,Judith,Female,3/1/2004,7:32 AM,109324,19.488,False,Distribution
928,11117,IT,Lead Analyst,Philip,Male,3/11/2005,10:56 AM,103557,16.014,True,Business Development
929,11118,DEVELOPMENT,Junior Software Developer,Jeffrey,Male,9/20/1986,6:06 AM,111376,2.673,True,Business Development
930,11119,HR,IT Admin,Theresa,Female,4/27/2001,9:17 PM,75661,1.079,True,Legal
931,11120,HR,IT Admin,Nancy,Female,9/10/2001,11:57 PM,85213,2.386,True,Marketing
932,11121,DEVELOPMENT,Lead Analyst,Harold,Male,6/23/2012,12:40 PM,140444,3.771,False,Distribution
933,11122,DEVELOPMENT,Junior Software Developer,Bonnie,Female,12/23/2008,9:26 AM,90427,2.01,True,Client Services
934,11123,IT,Project Lead,Doris,Female,7/5/1993,5:54 PM,141439,3.799,False,Business Development
935,11124,IT,Junior Software Developer,Samuel,Male,8/7/1997,12:40 PM,43694,3.787,True,Engineering
936,11125,IT,Project Manager,Alice,Female,3/23/1996,3:09 AM,131952,12.09,False,Engineering
937,11126,IT,Junior Software Developer,Maria,Female,3/14/2003,5:23 PM,96250,10.056,False,Business Development
938,11127,HR,Project Lead,Aaron,,1/22/1986,7:39 PM,63126,18.424,False,Client Services
939,11128,DEVELOPMENT,Senior Software Developer,Mark,,9/9/2006,12:27 PM,44836,2.657,False,Client Services
940,11129,HR,Project Lead,Ralph,,7/28/1995,6:53 PM,70635,2.147,False,Client Services
941,11130,HR,Senior Software Developer,Andrew,Male,9/28/1990,9:38 AM,137386,8.611,True,Distribution
942,11131,HR,Lead Analyst,William,Male,6/26/1997,8:33 AM,104840,15.653,True,Engineering
943,11132,IT,IT Admin,Lori,Female,11/20/2015,1:15 PM,75498,6.537,True,Marketing
944,11133,IT,Project Lead,Wayne,Male,9/8/2006,11:09 AM,67471,2.728,False,Engineering
945,11134,IT,Lead Analyst,Kenneth,Male,5/10/2006,8:24 AM,101914,1.905,True,Distribution
946,11135,DEVELOPMENT,IT Admin,Gerald,,4/15/1989,12:44 PM,93712,17.426,True,Distribution
947,11136,IT,IT Admin,,Female,9/15/1985,1:50 AM,133472,16.941,,Distribution
948,11137,IT,Junior Software Developer,,Male,7/30/2012,3:07 PM,107351,5.329,,Marketing
949,11138,DEVELOPMENT,Project Lead,Ashley,Female,3/31/2006,1:24 PM,142410,11.048,True,Engineering
950,11139,HR,IT Admin,Scott,Male,8/20/2011,8:08 AM,37385,8.226,True,Business Development
951,11140,DEVELOPMENT,Lead Analyst,Paula,Female,5/21/1983,11:42 AM,58423,10.833,False,Business Development
952,11141,HR,Junior Software Developer,,Female,9/14/2010,5:19 AM,143638,9.662,,
953,11142,HR,Project Lead,Teresa,Female,1/22/2013,3:17 PM,113425,11.907,True,Human Resources
954,11143,HR,IT Admin,Randy,Male,2/25/2012,5:33 AM,57266,14.077,False,Product
955,11144,IT,IT Admin,Joe,Male,1/19/1980,4:06 PM,119667,1.148,True,Finance
956,11145,HR,Project Manager,Sarah,Female,8/17/2014,11:08 PM,127118,11.176,False,Legal
957,11146,HR,Project Lead,Beverly,Female,10/17/1986,12:51 AM,80838,8.115,False,Engineering
958,11147,IT,Project Manager,Jeffrey,Male,2/3/1984,1:26 PM,70990,15.901,True,Sales
959,11148,DEVELOPMENT,Project Lead,Gloria,Female,10/24/1987,4:43 AM,39833,9.631,False,Engineering
960,11149,DEVELOPMENT,Junior Software Developer,Albert,Male,9/19/1992,2:35 AM,45094,5.85,True,Business Development
961,11150,IT,Project Manager,Stephen,Male,10/29/1989,11:34 PM,93997,18.093,True,Business Development
962,11151,IT,Junior Software Developer,Antonio,,6/18/1989,9:37 PM,103050,3.05,False,Legal
963,11152,DEVELOPMENT,IT Admin,Jonathan,Male,8/21/2013,12:45 AM,121797,16.923,False,Product
964,11153,IT,Junior Software Developer,Ann,Female,9/23/1994,11:15 AM,89443,17.94,True,Sales
965,11154,DEVELOPMENT,Junior Software Developer,Bruce,Male,5/7/1980,8:00 PM,35802,12.391,True,Sales
966,11155,HR,Senior Software Developer,Catherine,Female,9/25/1989,1:31 AM,68164,18.393,False,Client Services
967,11156,DEVELOPMENT,Senior Software Developer,Louis,Male,8/16/2011,5:19 PM,93022,9.146,True,Human Resources
968,11157,DEVELOPMENT,Junior Software Developer,Thomas,Male,3/12/2016,3:10 PM,105681,19.572,False,Engineering
969,11158,IT,Junior Software Developer,Louise,Female,3/27/1995,10:27 PM,43050,11.671,False,Distribution
970,11159,IT,Junior Software Developer,Linda,Female,2/4/2010,8:49 PM,44486,17.308,True,Engineering
971,11160,IT,Senior Software Developer,Alice,Female,9/3/1988,8:54 PM,63571,15.397,True,Product
972,11161,HR,Project Manager,Patrick,Male,12/30/2002,2:01 AM,75423,5.368,True,Business Development
973,11162,DEVELOPMENT,Project Manager,Victor,,7/28/2006,2:49 PM,76381,11.159,True,Sales
974,11163,IT,Lead Analyst,Russell,Male,5/10/2013,11:08 PM,137359,11.105,False,Business Development
975,11164,IT,Senior Software Developer,Harry,Male,8/30/2011,6:31 PM,67656,16.455,True,Client Services
976,11165,HR,IT Admin,Susan,Female,4/7/1995,10:05 PM,92436,12.467,False,Sales
977,11166,IT,Lead Analyst,Denise,Female,10/19/1992,5:42 AM,137954,4.195,True,Legal
978,11167,DEVELOPMENT,Project Manager,Sarah,Female,12/4/1995,9:16 AM,124566,5.949,False,Product
979,11168,DEVELOPMENT,Junior Software Developer,Sean,Male,1/17/1983,2:23 PM,66146,11.178,False,Human Resources
980,11169,HR,Junior Software Developer,Ernest,Male,7/20/2013,6:41 AM,142935,13.198,True,Product
981,11170,IT,Lead Analyst,Kimberly,Female,1/26/2013,12:57 AM,46233,8.862,True,Engineering
982,11171,HR,Senior Software Developer,James,Male,1/15/1993,5:19 PM,148985,19.28,False,Legal
983,11172,DEVELOPMENT,IT Admin,Rose,Female,4/6/1982,10:43 AM,91411,8.639,True,Human Resources
984,11173,HR,Senior Software Developer,John,Male,12/23/1982,10:35 PM,146907,11.738,False,Engineering
985,11174,IT,Junior Software Developer,Maria,Female,10/15/2011,4:53 PM,43455,13.04,False,Engineering
986,11175,HR,Junior Software Developer,Stephen,,7/10/1983,8:10 PM,85668,1.909,False,Legal
987,11176,DEVELOPMENT,IT Admin,Donna,Female,11/26/1982,7:04 AM,82871,17.999,False,Marketing
988,11177,IT,Project Lead,Gloria,Female,12/8/2014,5:08 AM,136709,10.331,True,Finance
989,11178,DEVELOPMENT,IT Admin,Alice,Female,10/5/2004,9:34 AM,47638,11.209,False,Human Resources
990,11179,HR,IT Admin,Justin,,2/10/1991,4:58 PM,38344,3.794,False,Legal
991,11180,HR,Project Lead,Robin,Female,7/24/1987,1:35 PM,100765,10.982,True,Client Services
992,11181,HR,Lead Analyst,Rose,Female,8/25/2002,5:12 AM,134505,11.051,True,Marketing
993,11182,HR,Junior Software Developer,Anthony,Male,10/16/2011,8:35 AM,112769,11.625,True,Finance
994,11183,IT,Lead Analyst,Tina,Female,5/15/1997,3:53 PM,56450,19.04,True,Engineering
995,11184,DEVELOPMENT,Project Lead,George,Male,6/21/2013,5:47 PM,98874,4.479,True,Marketing
996,11185,HR,IT Admin,Henry,,11/23/2014,6:09 AM,132483,16.655,False,Distribution
997,11186,HR,Project Manager,Phillip,Male,1/31/1984,6:30 AM,42392,19.675,False,Finance
998,11187,IT,IT Admin,Russell,Male,5/20/2013,12:39 PM,96914,1.421,False,Product
999,11188,HR,Senior Software Developer,Larry,Male,4/20/2013,4:45 PM,60500,11.985,False,Business Development
1000,11189,HR,Project Lead,Albert,Male,5/15/2012,6:24 PM,129949,10.169,True,Sales
